source,text,level,question,answer,reasoning
il-hym,"1 29 שקלים לחודש עבור 40 ג'יגה ו-19 שקלים עבור 10 ג'יגה • ספקית האינטרנט נכנסת לשוק הסלולר 
2 חברת אקספון, המוכרת כספקית אינטרנט וקווים ביתיים, נכנסת לשוק הסלולר תחת המותג החדש ""we"" ומצטרפת כצלע שלישית לתשתית המשותפת של סלקום וגולן טלקום בדור הרביעי. 3 אקספון מפרסמת חבילות מוזלות לסלולר בצורה משמעותית ממחיר החבילות המוצעות היום בשוק הישראלי. 
4 40 ג'יגה נראים היום כמו גלישה ללא הגבלה, ורק מעטים מגיעים לצריכה חודשית כזו. 5 עם זאת, גם לפני שנתיים, כשמותג 012 הציע חבילה ללא הגבלה של 4 ג'יגה, זה היה נראה דמיוני. 6 הדרישות לנפח גלישה עולות בכל חודש, וככל הנראה בתוך פחות משנתיים, גם החבילה הנדיבה הזו תיראה מגוחכת. 
7 המחיר של החבילה השנייה, 10 ג'יגה ב-19.90 שקלים, מובטח לשנתיים. 8 שני המחירים הם לתקופת השקה, כשבסיומה המחיר יעמוד על 49 שקלים לחודש. 9 מחיר ה-SIM הוא 19.90 שקלים ויישלח בדואר. 10 מחיר לשיגור באמצעות שליח יהיה 19.90 שקלים. 
11 אך אלה אינן החבילות הזולות בשוק. 12 כבר היום מציעה 012 מובייל שני מנויים ב-25 שקלים כל אחד עם 12 ג'יגה, ושירות אפל מיוזיק במתנה לחצי שנה (בשווי 19.90 ש""ח למנוי לחודש). 13 אצל רמי לוי אפשר לקבל חבילה של 14 ג'יגה ב-29.90 שקלים, ובאותו מחיר אפשר לקבל בגולן טלקום חבילה של 18 ג'יגה גלישה. 14 מותג pmobile מציע 25 ג'יגה ב-29.90 בצירוף שני מנויים. 
15 הבעלים של אקספון, חזי בצלאל, הגיע להשקה ישירות מניו יורק, שם הוא שוהה לרגל עסקיו. 16 המסר שלו במסיבת העיתונאים היה הגינות, שקיפות, מקצוענות, הקשבה ללקוח, ובעיקר אמינות. 17 מכיוון שהחברה היא האחרונה המצטרפת לשוק הסלולר, היא גם מתבססת על תשתית של אריקסון, בחזית הטכנולוגיה. 
18 לדברי בצלאל, המסמך שהוציאה המועצה לסחר הוגן על שוק הסלולר היה בושה לענף, ""אבל כנראה שהשוק הרוויח את זה ביושר. 19 אני מקווה שהחברה שלנו לא תהיה אף פעם במצב כזה"". 
20 בצלאל הסביר כי זו תהיה קבוצת תקשורת, שלקוחותיה הם שותפים ולא אויבים שלה. 21 ""בעולם אין שנאה לחברות ה והיחס אליהן הוא כמו לגוגל ולמיקרוסופט. 22 זו חברת הייטק, וכולם נפגשים בהערכה ובאהבה. 23 חברות התקשורת בארץ מקבלות משובים שליליים, אבל זה לא חייב להיות כך. 24 אני בא לעשות דברים טובים בארץ הזו, שהיא יקרה לי מאוד. 25 כל מה שעשיתי עד היום, באתי עם כל הנשמה וכל הלב. 26 כן, אנחנו חברה עסקית, וצריכים רווחיות ומאזן, אבל לפני הכל אנו חברה של בני אדם"". 
27 עוד אמר בצלאל כי אקספון, המספקת שירותי אינטרנט ושיחות לחו""ל, היא היום חברה רווחית מאוד. 28 ""לא בצורה חזירית, אבל במסגרת רווחיות סבירה. 29 רק בשנתיים האחרונות גדלנו פי ארבעה והיום יש לנו למעלה מ-200 אלף בתי אב. 30 אנחנו רואים בסלולר פלטפורמה, שעליה נוסיף מרכיבים נוספים כמו חינוך ורפואה וכבר ביקשנו היתר לתת שירותים בתחומים פיננסיים כדי להפוך לבנק סלולרי. 31 זה קורה בהרבה מדינות בעולם. 32 נאפשר גם הלוואות בין אנשים, P2P אמיתי"". 
33 לדברי המנכ""ל, יעקב נדבורני, ""כשמסתיימת החבילה לא ינתקו את המנוי מהאינטרנט, שהיום הוא עורק תקשורת חשוב כמעט לכל מטרה, אלא יאטו אותו מאוד, וניתן יהיה להגדיל את חבילת הגלישה גם באופן חד פעמי. 34 בשירות הלקוחות יהיה מענה אנושי 24 שעות ביממה, אבל האתר של החברה יהיה הדרך המועדפת לתקשורת. 35 כל המידע יהיה שקוף ללקוחות ולא יהיה מידע אצל אנשי השירות שלא יהיה ידוע ללקוח עצמו"". 
36 לחברה אין מוקדים לקבלת קהל וניתן להצטרף אליה דרך אתר האינטרנט שלה. 
",0,מה הייתה הנקודה העיקרית במסמך שהוציאה המועצה לסחר הוגן?,,במשפט 18 מוזכר המסמך אבל אין פירוט עליו.
il-hym,"1 29 שקלים לחודש עבור 40 ג'יגה ו-19 שקלים עבור 10 ג'יגה • ספקית האינטרנט נכנסת לשוק הסלולר 
2 חברת אקספון, המוכרת כספקית אינטרנט וקווים ביתיים, נכנסת לשוק הסלולר תחת המותג החדש ""we"" ומצטרפת כצלע שלישית לתשתית המשותפת של סלקום וגולן טלקום בדור הרביעי. 3 אקספון מפרסמת חבילות מוזלות לסלולר בצורה משמעותית ממחיר החבילות המוצעות היום בשוק הישראלי. 
4 40 ג'יגה נראים היום כמו גלישה ללא הגבלה, ורק מעטים מגיעים לצריכה חודשית כזו. 5 עם זאת, גם לפני שנתיים, כשמותג 012 הציע חבילה ללא הגבלה של 4 ג'יגה, זה היה נראה דמיוני. 6 הדרישות לנפח גלישה עולות בכל חודש, וככל הנראה בתוך פחות משנתיים, גם החבילה הנדיבה הזו תיראה מגוחכת. 
7 המחיר של החבילה השנייה, 10 ג'יגה ב-19.90 שקלים, מובטח לשנתיים. 8 שני המחירים הם לתקופת השקה, כשבסיומה המחיר יעמוד על 49 שקלים לחודש. 9 מחיר ה-SIM הוא 19.90 שקלים ויישלח בדואר. 10 מחיר לשיגור באמצעות שליח יהיה 19.90 שקלים. 
11 אך אלה אינן החבילות הזולות בשוק. 12 כבר היום מציעה 012 מובייל שני מנויים ב-25 שקלים כל אחד עם 12 ג'יגה, ושירות אפל מיוזיק במתנה לחצי שנה (בשווי 19.90 ש""ח למנוי לחודש). 13 אצל רמי לוי אפשר לקבל חבילה של 14 ג'יגה ב-29.90 שקלים, ובאותו מחיר אפשר לקבל בגולן טלקום חבילה של 18 ג'יגה גלישה. 14 מותג pmobile מציע 25 ג'יגה ב-29.90 בצירוף שני מנויים. 
15 הבעלים של אקספון, חזי בצלאל, הגיע להשקה ישירות מניו יורק, שם הוא שוהה לרגל עסקיו. 16 המסר שלו במסיבת העיתונאים היה הגינות, שקיפות, מקצוענות, הקשבה ללקוח, ובעיקר אמינות. 17 מכיוון שהחברה היא האחרונה המצטרפת לשוק הסלולר, היא גם מתבססת על תשתית של אריקסון, בחזית הטכנולוגיה. 
18 לדברי בצלאל, המסמך שהוציאה המועצה לסחר הוגן על שוק הסלולר היה בושה לענף, ""אבל כנראה שהשוק הרוויח את זה ביושר. 19 אני מקווה שהחברה שלנו לא תהיה אף פעם במצב כזה"". 
20 בצלאל הסביר כי זו תהיה קבוצת תקשורת, שלקוחותיה הם שותפים ולא אויבים שלה. 21 ""בעולם אין שנאה לחברות ה והיחס אליהן הוא כמו לגוגל ולמיקרוסופט. 22 זו חברת הייטק, וכולם נפגשים בהערכה ובאהבה. 23 חברות התקשורת בארץ מקבלות משובים שליליים, אבל זה לא חייב להיות כך. 24 אני בא לעשות דברים טובים בארץ הזו, שהיא יקרה לי מאוד. 25 כל מה שעשיתי עד היום, באתי עם כל הנשמה וכל הלב. 26 כן, אנחנו חברה עסקית, וצריכים רווחיות ומאזן, אבל לפני הכל אנו חברה של בני אדם"". 
27 עוד אמר בצלאל כי אקספון, המספקת שירותי אינטרנט ושיחות לחו""ל, היא היום חברה רווחית מאוד. 28 ""לא בצורה חזירית, אבל במסגרת רווחיות סבירה. 29 רק בשנתיים האחרונות גדלנו פי ארבעה והיום יש לנו למעלה מ-200 אלף בתי אב. 30 אנחנו רואים בסלולר פלטפורמה, שעליה נוסיף מרכיבים נוספים כמו חינוך ורפואה וכבר ביקשנו היתר לתת שירותים בתחומים פיננסיים כדי להפוך לבנק סלולרי. 31 זה קורה בהרבה מדינות בעולם. 32 נאפשר גם הלוואות בין אנשים, P2P אמיתי"". 
33 לדברי המנכ""ל, יעקב נדבורני, ""כשמסתיימת החבילה לא ינתקו את המנוי מהאינטרנט, שהיום הוא עורק תקשורת חשוב כמעט לכל מטרה, אלא יאטו אותו מאוד, וניתן יהיה להגדיל את חבילת הגלישה גם באופן חד פעמי. 34 בשירות הלקוחות יהיה מענה אנושי 24 שעות ביממה, אבל האתר של החברה יהיה הדרך המועדפת לתקשורת. 35 כל המידע יהיה שקוף ללקוחות ולא יהיה מידע אצל אנשי השירות שלא יהיה ידוע ללקוח עצמו"". 
36 לחברה אין מוקדים לקבלת קהל וניתן להצטרף אליה דרך אתר האינטרנט שלה. 
",1,איפה נמצא בדרך כלל הבעלים של אקספון?,ניו יורק,"שליפה של ""ניו יורק"" מתוך משפט 15 ולא ציטוט של כל המשפט."
il-hym,"1 29 שקלים לחודש עבור 40 ג'יגה ו-19 שקלים עבור 10 ג'יגה • ספקית האינטרנט נכנסת לשוק הסלולר 
2 חברת אקספון, המוכרת כספקית אינטרנט וקווים ביתיים, נכנסת לשוק הסלולר תחת המותג החדש ""we"" ומצטרפת כצלע שלישית לתשתית המשותפת של סלקום וגולן טלקום בדור הרביעי. 3 אקספון מפרסמת חבילות מוזלות לסלולר בצורה משמעותית ממחיר החבילות המוצעות היום בשוק הישראלי. 
4 40 ג'יגה נראים היום כמו גלישה ללא הגבלה, ורק מעטים מגיעים לצריכה חודשית כזו. 5 עם זאת, גם לפני שנתיים, כשמותג 012 הציע חבילה ללא הגבלה של 4 ג'יגה, זה היה נראה דמיוני. 6 הדרישות לנפח גלישה עולות בכל חודש, וככל הנראה בתוך פחות משנתיים, גם החבילה הנדיבה הזו תיראה מגוחכת. 
7 המחיר של החבילה השנייה, 10 ג'יגה ב-19.90 שקלים, מובטח לשנתיים. 8 שני המחירים הם לתקופת השקה, כשבסיומה המחיר יעמוד על 49 שקלים לחודש. 9 מחיר ה-SIM הוא 19.90 שקלים ויישלח בדואר. 10 מחיר לשיגור באמצעות שליח יהיה 19.90 שקלים. 
11 אך אלה אינן החבילות הזולות בשוק. 12 כבר היום מציעה 012 מובייל שני מנויים ב-25 שקלים כל אחד עם 12 ג'יגה, ושירות אפל מיוזיק במתנה לחצי שנה (בשווי 19.90 ש""ח למנוי לחודש). 13 אצל רמי לוי אפשר לקבל חבילה של 14 ג'יגה ב-29.90 שקלים, ובאותו מחיר אפשר לקבל בגולן טלקום חבילה של 18 ג'יגה גלישה. 14 מותג pmobile מציע 25 ג'יגה ב-29.90 בצירוף שני מנויים. 
15 הבעלים של אקספון, חזי בצלאל, הגיע להשקה ישירות מניו יורק, שם הוא שוהה לרגל עסקיו. 16 המסר שלו במסיבת העיתונאים היה הגינות, שקיפות, מקצוענות, הקשבה ללקוח, ובעיקר אמינות. 17 מכיוון שהחברה היא האחרונה המצטרפת לשוק הסלולר, היא גם מתבססת על תשתית של אריקסון, בחזית הטכנולוגיה. 
18 לדברי בצלאל, המסמך שהוציאה המועצה לסחר הוגן על שוק הסלולר היה בושה לענף, ""אבל כנראה שהשוק הרוויח את זה ביושר. 19 אני מקווה שהחברה שלנו לא תהיה אף פעם במצב כזה"". 
20 בצלאל הסביר כי זו תהיה קבוצת תקשורת, שלקוחותיה הם שותפים ולא אויבים שלה. 21 ""בעולם אין שנאה לחברות ה והיחס אליהן הוא כמו לגוגל ולמיקרוסופט. 22 זו חברת הייטק, וכולם נפגשים בהערכה ובאהבה. 23 חברות התקשורת בארץ מקבלות משובים שליליים, אבל זה לא חייב להיות כך. 24 אני בא לעשות דברים טובים בארץ הזו, שהיא יקרה לי מאוד. 25 כל מה שעשיתי עד היום, באתי עם כל הנשמה וכל הלב. 26 כן, אנחנו חברה עסקית, וצריכים רווחיות ומאזן, אבל לפני הכל אנו חברה של בני אדם"". 
27 עוד אמר בצלאל כי אקספון, המספקת שירותי אינטרנט ושיחות לחו""ל, היא היום חברה רווחית מאוד. 28 ""לא בצורה חזירית, אבל במסגרת רווחיות סבירה. 29 רק בשנתיים האחרונות גדלנו פי ארבעה והיום יש לנו למעלה מ-200 אלף בתי אב. 30 אנחנו רואים בסלולר פלטפורמה, שעליה נוסיף מרכיבים נוספים כמו חינוך ורפואה וכבר ביקשנו היתר לתת שירותים בתחומים פיננסיים כדי להפוך לבנק סלולרי. 31 זה קורה בהרבה מדינות בעולם. 32 נאפשר גם הלוואות בין אנשים, P2P אמיתי"". 
33 לדברי המנכ""ל, יעקב נדבורני, ""כשמסתיימת החבילה לא ינתקו את המנוי מהאינטרנט, שהיום הוא עורק תקשורת חשוב כמעט לכל מטרה, אלא יאטו אותו מאוד, וניתן יהיה להגדיל את חבילת הגלישה גם באופן חד פעמי. 34 בשירות הלקוחות יהיה מענה אנושי 24 שעות ביממה, אבל האתר של החברה יהיה הדרך המועדפת לתקשורת. 35 כל המידע יהיה שקוף ללקוחות ולא יהיה מידע אצל אנשי השירות שלא יהיה ידוע ללקוח עצמו"". 
36 לחברה אין מוקדים לקבלת קהל וניתן להצטרף אליה דרך אתר האינטרנט שלה. 
",2,מדוע החבילה שמוצעת אצל רמי לוי יכולה להראות מגוחכת בעוד מספר שנים?,מדובר בטקסט על חבילה של 40 ג'יגה ושזה נראה כמו חבילה ללא הגבלה ורק מעט משתמשים מגיעים לצריכה זו ושנתיים לפני כן הציעו חבילה של 4 ג'יגה. עוד נטען שהדרישות לנפח הגלישה עולות בכל חודש ולכן גם חבילה של 40 ג'יגה בחודש עלולה להראות מגוחכת (משפטים 4-6). החבילה שמוצעת ברמי לוי כיום היא חבילה של 14 ג'יגה ועל כן בתוך מספר שנים עלולה להיות לא מספקת (משפט 13).,"השאלה משלבת מידע משני מקומות בטקסט ודורשת למצוא קשר ביניהם. השימוש במילה ""יכולה"" לא דורשת הסקה של רמה 3 כי מופיע הצירוף ""ככל הנראה"". במסמך כבר מוצגת מסקנה."
il-hym,"1 29 שקלים לחודש עבור 40 ג'יגה ו-19 שקלים עבור 10 ג'יגה • ספקית האינטרנט נכנסת לשוק הסלולר 
2 חברת אקספון, המוכרת כספקית אינטרנט וקווים ביתיים, נכנסת לשוק הסלולר תחת המותג החדש ""we"" ומצטרפת כצלע שלישית לתשתית המשותפת של סלקום וגולן טלקום בדור הרביעי. 3 אקספון מפרסמת חבילות מוזלות לסלולר בצורה משמעותית ממחיר החבילות המוצעות היום בשוק הישראלי. 
4 40 ג'יגה נראים היום כמו גלישה ללא הגבלה, ורק מעטים מגיעים לצריכה חודשית כזו. 5 עם זאת, גם לפני שנתיים, כשמותג 012 הציע חבילה ללא הגבלה של 4 ג'יגה, זה היה נראה דמיוני. 6 הדרישות לנפח גלישה עולות בכל חודש, וככל הנראה בתוך פחות משנתיים, גם החבילה הנדיבה הזו תיראה מגוחכת. 
7 המחיר של החבילה השנייה, 10 ג'יגה ב-19.90 שקלים, מובטח לשנתיים. 8 שני המחירים הם לתקופת השקה, כשבסיומה המחיר יעמוד על 49 שקלים לחודש. 9 מחיר ה-SIM הוא 19.90 שקלים ויישלח בדואר. 10 מחיר לשיגור באמצעות שליח יהיה 19.90 שקלים. 
11 אך אלה אינן החבילות הזולות בשוק. 12 כבר היום מציעה 012 מובייל שני מנויים ב-25 שקלים כל אחד עם 12 ג'יגה, ושירות אפל מיוזיק במתנה לחצי שנה (בשווי 19.90 ש""ח למנוי לחודש). 13 אצל רמי לוי אפשר לקבל חבילה של 14 ג'יגה ב-29.90 שקלים, ובאותו מחיר אפשר לקבל בגולן טלקום חבילה של 18 ג'יגה גלישה. 14 מותג pmobile מציע 25 ג'יגה ב-29.90 בצירוף שני מנויים. 
15 הבעלים של אקספון, חזי בצלאל, הגיע להשקה ישירות מניו יורק, שם הוא שוהה לרגל עסקיו. 16 המסר שלו במסיבת העיתונאים היה הגינות, שקיפות, מקצוענות, הקשבה ללקוח, ובעיקר אמינות. 17 מכיוון שהחברה היא האחרונה המצטרפת לשוק הסלולר, היא גם מתבססת על תשתית של אריקסון, בחזית הטכנולוגיה. 
18 לדברי בצלאל, המסמך שהוציאה המועצה לסחר הוגן על שוק הסלולר היה בושה לענף, ""אבל כנראה שהשוק הרוויח את זה ביושר. 19 אני מקווה שהחברה שלנו לא תהיה אף פעם במצב כזה"". 
20 בצלאל הסביר כי זו תהיה קבוצת תקשורת, שלקוחותיה הם שותפים ולא אויבים שלה. 21 ""בעולם אין שנאה לחברות ה והיחס אליהן הוא כמו לגוגל ולמיקרוסופט. 22 זו חברת הייטק, וכולם נפגשים בהערכה ובאהבה. 23 חברות התקשורת בארץ מקבלות משובים שליליים, אבל זה לא חייב להיות כך. 24 אני בא לעשות דברים טובים בארץ הזו, שהיא יקרה לי מאוד. 25 כל מה שעשיתי עד היום, באתי עם כל הנשמה וכל הלב. 26 כן, אנחנו חברה עסקית, וצריכים רווחיות ומאזן, אבל לפני הכל אנו חברה של בני אדם"". 
27 עוד אמר בצלאל כי אקספון, המספקת שירותי אינטרנט ושיחות לחו""ל, היא היום חברה רווחית מאוד. 28 ""לא בצורה חזירית, אבל במסגרת רווחיות סבירה. 29 רק בשנתיים האחרונות גדלנו פי ארבעה והיום יש לנו למעלה מ-200 אלף בתי אב. 30 אנחנו רואים בסלולר פלטפורמה, שעליה נוסיף מרכיבים נוספים כמו חינוך ורפואה וכבר ביקשנו היתר לתת שירותים בתחומים פיננסיים כדי להפוך לבנק סלולרי. 31 זה קורה בהרבה מדינות בעולם. 32 נאפשר גם הלוואות בין אנשים, P2P אמיתי"". 
33 לדברי המנכ""ל, יעקב נדבורני, ""כשמסתיימת החבילה לא ינתקו את המנוי מהאינטרנט, שהיום הוא עורק תקשורת חשוב כמעט לכל מטרה, אלא יאטו אותו מאוד, וניתן יהיה להגדיל את חבילת הגלישה גם באופן חד פעמי. 34 בשירות הלקוחות יהיה מענה אנושי 24 שעות ביממה, אבל האתר של החברה יהיה הדרך המועדפת לתקשורת. 35 כל המידע יהיה שקוף ללקוחות ולא יהיה מידע אצל אנשי השירות שלא יהיה ידוע ללקוח עצמו"". 
36 לחברה אין מוקדים לקבלת קהל וניתן להצטרף אליה דרך אתר האינטרנט שלה. 
",3,"מהנתונים שמפורטים בכתבה, מה היא החבילה המשתלמת ביותר עבור אדם אחד?",,צריך להסיק מסקנה ו/או לגבש דיעה ע״ס הנותנים ב4-14 בעיקר. נדרש מיפוי והבנה של כל המחירים והתנאים השונים ואז עריכת השוואה ביניהם על מנת לגבש מסקנה/דיעה שאינה מופיעה בטקסט.
il-hym,"1 רגע לפני הגמר, כתבנו ערן סויסה שוחח עם חמשת הפיינליסטים של ""האח הגדול"" • אליאב רחמים: ""אם אני לא אנצח, אני חושב שמגיע לאביבית או למירב"" • על ישראל: ""אין יריבות, אנחנו רואים את הדברים בצורה אחרת"" 
2 אליאב רחמים (22) מקרית גת, סומן בתחילת העונה של ""האח הגדול"" כפייבוריט לניצחון. 3 שמר על יחסים טובים עם רוב בני הבית ונמנע מעימותים ומריבות. 
4 ""אני פחות או יותר בן אדם עם ערכים טובים. 5 יש לי שקט מסוים שהוא שלי, ודרכו אני מצליח להישאר באיזון. 6 בבית השתדלתי להישאר כל הזמן באיזון. 7 כל בן אדם שהגיע לפה הגיע עם מזוודה של ערכים, עקרונות והשקפה, ולפיהם הוא התנהל והרגיש, וגם אני ככה. 8 אני הגעתי לכאן בלי אף אחד. 9 עם הזמן נוצרו חברויות ויש כאלה שרק גרתי איתם במסגרת התוכנית. 10 אם היה לי חיבור טוב, אז התחברתי ואם לא היה לי את החיבור הזה, אז זה פשוט לא קרה ולא נלחמתי בזה. 11 עם ישראל יכולנו להעביר ערבים שלמים בלי לדבר בכלל אבל לקראת הסוף התקרבנו יותר"".
14 ""ביני לבין ישראל אין יריבות. 15 אנחנו רואים את הדברים בצורה אחרת. 16 אנחנו חיים באותו הבית, הוא אחלה גבר ויש ביננו כבוד. 17 הדרך שלו היא שלו וכל מי שהוא ומה שהוא ראוי להערכה. 
18 ""יכול להיות שישראל ואני נגיע לסוף ביחד, וזה ישמח אותי מאוד להגיע לסוף. 19 זו תהיה מכת חשמל בעוצמה של 220 וולט לתוך הגוף אם זה יקרה"". 
20 ""אף אחד בבית הזה לא הפריע לי ולא נכנס בי. 21 לא הייתי בסיטואציה שמישהו בא נגדי או התעמת מולי. 22 כשזה נגע בי - עמדתי על שלי, אבל כשזה לא היה שייך אלי – לא נכנסתי לזה. 23 דברים שחרו לי - באתי ואמרתי, אבל לא צעקתי. 24 כולם פה אנשים בוגרים וכל אחד עשה את הדרך שלו. 25 כשקרו דברים גדולים - כולם היו חלק מהם, וכשקרו דברים קטנים - הסתכלתי מהצד. 26 אם יכולתי לתת יד – נתתי, ואם לא - אז לא. 27 לא היתה פה אסטרטגיה, אלא פעולה מתוך הרגש נטו. 28 אני לא מצטער על משהו שעשיתי, אבל אני כן מתחרט שבמריבה של סימה ואביבית לא התנתקתי מהסיטואציה"". 
29 ""החלום שלי הוא לצאת מפה אחרון. 30 זה יכול לעשות טוב למשפחה שלי, וזה גם החלום שלי. 31 אם אני לא אנצח, אני חושב שמגיע לאביבית או למירב, ובכל מקרה אני אקבל הכל באהבה"". 
",0,מדוע אליאב חושב שמגיע לאביבית או למירב לנצח?,,בשני מקומות מוזכר שהוא תומך בהן אך לא מפורט מדוע
il-hym,"1 רגע לפני הגמר, כתבנו ערן סויסה שוחח עם חמשת הפיינליסטים של ""האח הגדול"" • אליאב רחמים: ""אם אני לא אנצח, אני חושב שמגיע לאביבית או למירב"" • על ישראל: ""אין יריבות, אנחנו רואים את הדברים בצורה אחרת"" 
2 אליאב רחמים (22) מקרית גת, סומן בתחילת העונה של ""האח הגדול"" כפייבוריט לניצחון. 3 שמר על יחסים טובים עם רוב בני הבית ונמנע מעימותים ומריבות. 
4 ""אני פחות או יותר בן אדם עם ערכים טובים. 5 יש לי שקט מסוים שהוא שלי, ודרכו אני מצליח להישאר באיזון. 6 בבית השתדלתי להישאר כל הזמן באיזון. 7 כל בן אדם שהגיע לפה הגיע עם מזוודה של ערכים, עקרונות והשקפה, ולפיהם הוא התנהל והרגיש, וגם אני ככה. 8 אני הגעתי לכאן בלי אף אחד. 9 עם הזמן נוצרו חברויות ויש כאלה שרק גרתי איתם במסגרת התוכנית. 10 אם היה לי חיבור טוב, אז התחברתי ואם לא היה לי את החיבור הזה, אז זה פשוט לא קרה ולא נלחמתי בזה. 11 עם ישראל יכולנו להעביר ערבים שלמים בלי לדבר בכלל אבל לקראת הסוף התקרבנו יותר"".
14 ""ביני לבין ישראל אין יריבות. 15 אנחנו רואים את הדברים בצורה אחרת. 16 אנחנו חיים באותו הבית, הוא אחלה גבר ויש ביננו כבוד. 17 הדרך שלו היא שלו וכל מי שהוא ומה שהוא ראוי להערכה. 
18 ""יכול להיות שישראל ואני נגיע לסוף ביחד, וזה ישמח אותי מאוד להגיע לסוף. 19 זו תהיה מכת חשמל בעוצמה של 220 וולט לתוך הגוף אם זה יקרה"". 
20 ""אף אחד בבית הזה לא הפריע לי ולא נכנס בי. 21 לא הייתי בסיטואציה שמישהו בא נגדי או התעמת מולי. 22 כשזה נגע בי - עמדתי על שלי, אבל כשזה לא היה שייך אלי – לא נכנסתי לזה. 23 דברים שחרו לי - באתי ואמרתי, אבל לא צעקתי. 24 כולם פה אנשים בוגרים וכל אחד עשה את הדרך שלו. 25 כשקרו דברים גדולים - כולם היו חלק מהם, וכשקרו דברים קטנים - הסתכלתי מהצד. 26 אם יכולתי לתת יד – נתתי, ואם לא - אז לא. 27 לא היתה פה אסטרטגיה, אלא פעולה מתוך הרגש נטו. 28 אני לא מצטער על משהו שעשיתי, אבל אני כן מתחרט שבמריבה של סימה ואביבית לא התנתקתי מהסיטואציה"". 
29 ""החלום שלי הוא לצאת מפה אחרון. 30 זה יכול לעשות טוב למשפחה שלי, וזה גם החלום שלי. 31 אם אני לא אנצח, אני חושב שמגיע לאביבית או למירב, ובכל מקרה אני אקבל הכל באהבה"". 
",1,איזה תרחיש ישמח את אליאב?,שהוא וישראל יגיעו לסוף ביחד (משפט 18),שליפה מתוך משפט אחד. רק צריך לקרוא ולהבין שאליאב הוא מי שמרואיין במסמך כי זה לא מוזכר ספציפית במשפט.
il-hym,"1 רגע לפני הגמר, כתבנו ערן סויסה שוחח עם חמשת הפיינליסטים של ""האח הגדול"" • אליאב רחמים: ""אם אני לא אנצח, אני חושב שמגיע לאביבית או למירב"" • על ישראל: ""אין יריבות, אנחנו רואים את הדברים בצורה אחרת"" 
2 אליאב רחמים (22) מקרית גת, סומן בתחילת העונה של ""האח הגדול"" כפייבוריט לניצחון. 3 שמר על יחסים טובים עם רוב בני הבית ונמנע מעימותים ומריבות. 
4 ""אני פחות או יותר בן אדם עם ערכים טובים. 5 יש לי שקט מסוים שהוא שלי, ודרכו אני מצליח להישאר באיזון. 6 בבית השתדלתי להישאר כל הזמן באיזון. 7 כל בן אדם שהגיע לפה הגיע עם מזוודה של ערכים, עקרונות והשקפה, ולפיהם הוא התנהל והרגיש, וגם אני ככה. 8 אני הגעתי לכאן בלי אף אחד. 9 עם הזמן נוצרו חברויות ויש כאלה שרק גרתי איתם במסגרת התוכנית. 10 אם היה לי חיבור טוב, אז התחברתי ואם לא היה לי את החיבור הזה, אז זה פשוט לא קרה ולא נלחמתי בזה. 11 עם ישראל יכולנו להעביר ערבים שלמים בלי לדבר בכלל אבל לקראת הסוף התקרבנו יותר"".
14 ""ביני לבין ישראל אין יריבות. 15 אנחנו רואים את הדברים בצורה אחרת. 16 אנחנו חיים באותו הבית, הוא אחלה גבר ויש ביננו כבוד. 17 הדרך שלו היא שלו וכל מי שהוא ומה שהוא ראוי להערכה. 
18 ""יכול להיות שישראל ואני נגיע לסוף ביחד, וזה ישמח אותי מאוד להגיע לסוף. 19 זו תהיה מכת חשמל בעוצמה של 220 וולט לתוך הגוף אם זה יקרה"". 
20 ""אף אחד בבית הזה לא הפריע לי ולא נכנס בי. 21 לא הייתי בסיטואציה שמישהו בא נגדי או התעמת מולי. 22 כשזה נגע בי - עמדתי על שלי, אבל כשזה לא היה שייך אלי – לא נכנסתי לזה. 23 דברים שחרו לי - באתי ואמרתי, אבל לא צעקתי. 24 כולם פה אנשים בוגרים וכל אחד עשה את הדרך שלו. 25 כשקרו דברים גדולים - כולם היו חלק מהם, וכשקרו דברים קטנים - הסתכלתי מהצד. 26 אם יכולתי לתת יד – נתתי, ואם לא - אז לא. 27 לא היתה פה אסטרטגיה, אלא פעולה מתוך הרגש נטו. 28 אני לא מצטער על משהו שעשיתי, אבל אני כן מתחרט שבמריבה של סימה ואביבית לא התנתקתי מהסיטואציה"". 
29 ""החלום שלי הוא לצאת מפה אחרון. 30 זה יכול לעשות טוב למשפחה שלי, וזה גם החלום שלי. 31 אם אני לא אנצח, אני חושב שמגיע לאביבית או למירב, ובכל מקרה אני אקבל הכל באהבה"". 
",2,מי הם האנשים שאליאב מעדיף שיהיו בגמר?,"אליאב עצמו, ישראל, אביבית ו/או מירב (משפטים 1+18+31)","חיבור פשוט של שלושה פרטי מידע שונים, וזיהויי ששנים מהם זהים (מש׳ 1 ו-31)."
il-hym,"1 רגע לפני הגמר, כתבנו ערן סויסה שוחח עם חמשת הפיינליסטים של ""האח הגדול"" • אליאב רחמים: ""אם אני לא אנצח, אני חושב שמגיע לאביבית או למירב"" • על ישראל: ""אין יריבות, אנחנו רואים את הדברים בצורה אחרת"" 
2 אליאב רחמים (22) מקרית גת, סומן בתחילת העונה של ""האח הגדול"" כפייבוריט לניצחון. 3 שמר על יחסים טובים עם רוב בני הבית ונמנע מעימותים ומריבות. 
4 ""אני פחות או יותר בן אדם עם ערכים טובים. 5 יש לי שקט מסוים שהוא שלי, ודרכו אני מצליח להישאר באיזון. 6 בבית השתדלתי להישאר כל הזמן באיזון. 7 כל בן אדם שהגיע לפה הגיע עם מזוודה של ערכים, עקרונות והשקפה, ולפיהם הוא התנהל והרגיש, וגם אני ככה. 8 אני הגעתי לכאן בלי אף אחד. 9 עם הזמן נוצרו חברויות ויש כאלה שרק גרתי איתם במסגרת התוכנית. 10 אם היה לי חיבור טוב, אז התחברתי ואם לא היה לי את החיבור הזה, אז זה פשוט לא קרה ולא נלחמתי בזה. 11 עם ישראל יכולנו להעביר ערבים שלמים בלי לדבר בכלל אבל לקראת הסוף התקרבנו יותר"".
14 ""ביני לבין ישראל אין יריבות. 15 אנחנו רואים את הדברים בצורה אחרת. 16 אנחנו חיים באותו הבית, הוא אחלה גבר ויש ביננו כבוד. 17 הדרך שלו היא שלו וכל מי שהוא ומה שהוא ראוי להערכה. 
18 ""יכול להיות שישראל ואני נגיע לסוף ביחד, וזה ישמח אותי מאוד להגיע לסוף. 19 זו תהיה מכת חשמל בעוצמה של 220 וולט לתוך הגוף אם זה יקרה"". 
20 ""אף אחד בבית הזה לא הפריע לי ולא נכנס בי. 21 לא הייתי בסיטואציה שמישהו בא נגדי או התעמת מולי. 22 כשזה נגע בי - עמדתי על שלי, אבל כשזה לא היה שייך אלי – לא נכנסתי לזה. 23 דברים שחרו לי - באתי ואמרתי, אבל לא צעקתי. 24 כולם פה אנשים בוגרים וכל אחד עשה את הדרך שלו. 25 כשקרו דברים גדולים - כולם היו חלק מהם, וכשקרו דברים קטנים - הסתכלתי מהצד. 26 אם יכולתי לתת יד – נתתי, ואם לא - אז לא. 27 לא היתה פה אסטרטגיה, אלא פעולה מתוך הרגש נטו. 28 אני לא מצטער על משהו שעשיתי, אבל אני כן מתחרט שבמריבה של סימה ואביבית לא התנתקתי מהסיטואציה"". 
29 ""החלום שלי הוא לצאת מפה אחרון. 30 זה יכול לעשות טוב למשפחה שלי, וזה גם החלום שלי. 31 אם אני לא אנצח, אני חושב שמגיע לאביבית או למירב, ובכל מקרה אני אקבל הכל באהבה"". 
",3,"מה עזר לאליאב להימנע מעימותים אישיים בבית ""האח הגדול""?",,"אליאב מציין שיש לו שקט פנימי שעוזר לו לשמור על איזון (משפט 5). במשפטים 20-28 הוא מספר באופן כולל על מקרים שהיו בבית ושהוא לא לקח חלק בהם אם הם לא נגעו לכולם. לא כתוב במפורש שהשקט הוא מה שעזר לו, צריך להסיק שבעזרתו הוא לא נכנס לריבים ורק צפה מהצד."
knesset,"1 מיכאל נודלמן: אמרתי שעכשיו יש ועדה בין משרדית של משרד הקליטה ומשרד החינוך, והיא דנה בשיטות חדשות ללימוד עברית. 2 זה מאוד חשוב, לא פחות חשוב מדיור ודברים אחרים. 3 אם בן אדם לא יודע שפה הוא לא יכול לקבל עבודה בתפקיד שלו. 4 במשך כמה שנים שבהן העברית שלו תשתפר הוא יוצא ממעגל העבודה, הוא מאבד את המומחיות שלו. 5 זה כמו ספורט, אם לא מתאמנים כמה שנים מאבדים את היתרונות. 6 זה נכון גם לגבי מדען, רופא או כל מקצוע אחר. 7 אם יש שפה, שלא נרכשת תוך חמש או שבע שנים אלא תוך שנה-שנתיים, אפשר להצליח בתחום העבודה שבו אדם מתמחה. 8 אני חייב להגיד שהיו בעיות אצלנו, היו כישלונות עם העלייה מארגנטינה. 9 הבעיה הייתה שהעולים מארגנטינה לא היו מוכנים לעבוד לא במקצוע שלהם. 10 זה ההבדל בינם לבין העולים מרוסיה, שהלכו לכל עבודה שהייתה זמינה והם התקדמו. 11 העולים מארגנטינה רצו לקבל מיד עבודות שבהן עסקו בארגנטינה. 12 ישראל היא מדינה קטנה, אין כל כך הרבה מקומות עבודה, יש תחרות גדולה על כל תפקיד. 13 גם אני עליתי לארץ, גם מרינה, ואני יכול להגיד שזה תהליך לא כל כך קל, זה תהליך קשה מאוד. 14 אדם צריך להיות חזק, להיות בטוח בכך שהעלייה שלו הייתה הדבר הנכון ולהיות בטוח בכוח שלו ובידע שלו במקצוע שלו. 15 אם אדם לא בטוח, אם הוא לא יכול לעבוד באופן זמני בעבודה אחרת, אפשר לאבד את הסבלנות ואת התקווה וזה מה שקרה עם חלק מהעולים, שאני מכיר, מארגנטינה. 16 הם חזרו לארגנטינה.
17 עקיבא תור: מתרגם את דברי היו""ר לאנגלית.
18מיכאל נודלמן: אתם לא צריכים לחשוב שהעלייה לישראל היא דבר קל, שנותנים פה עזרה, נותנים פה כסף מההתחלה, נותנים קורסים ללימוד עברית. 19 לא מחלקים פה סוכריות; כל אחד צריך לעבוד קשה כדי לעבוד ולחיות כמו כל האזרחים. 20 זה נמשך לא שנה-שנתיים-שלוש, אלא צריך לעבוד הרבה זמן כדי להראות לכולם שאתה שווה לכולם. 21 יש פה תחרות. 22 יש פה ותיקים, שגרים ועובדים פה וגם הם רוצים לעבוד. 23 באים אנשים, אולי עם השכלה גבוהה, אבל כולם רוצים לעבוד ואף אחד לא רוצה לתת לך בחינם את מקום העבודה שלו. 24 אתה צריך להיות חזק מאוד כדי להשתתף בתחרות הזאת.
25 עקיבא תור: מתרגם את דברי היו""ר לאנגלית.
26מיכאל נודלמן: אולי בגלל זה מדינת ישראל כל כך חזקה, בגלל שיש תחרות והחזק מתגבר.
27מרינה סולודקין: מיכאל מדגיש שצריך להתחרות, לעבוד קשה ולהיות מוכן לכל דבר, אבל עם זאת העלייה לפה היא הזדמנות מיוחדת להיות אתה עצמך. 28 אדם שחי בתפוצות לא תמיד ממצה את עצמו, כי באיזשהו שלב עולה השאלה של היותך יהודי. 29 כאן, במדינה שלך, אתה יכול להגיע ליותר. 30 למשל, אני הגעתי לכנסת אחרי חמש שנים של שהות בארץ וחבר הכנסת נודלמן הגיע למועצת העיר הצפונית קריית שמונה אחרי שנתיים. 31 זאת מדינה מאוד דמוקרטית, שמעניקה את כל ההזדמנויות והאפשרויות להיות מי שאתה. 32 נכון, שיש גם מאבקים ומלחמות. 33 אני חושב שאחת הטעויות של העולים מארגנטינה היא שהם לא פנו אלינו. 34 אנחנו נלחמים למען אוכלוסיית העולים בארץ, כי ההיקלטות שלהם פה היא לא כל כך טובה.
35מלכה קפקא: אני מגיעה מפולין. 36 פולין היום היא אחת מהתומכות החזקות של ישראל באירופה. 37 אני עובדת באיחוד הקהילות היהודיות בפולין. 38 אנחנו הגוף הראשון שאתו יוצרים מגע המדיה, הממשל ורשויות רבות. 39 הם באים אלינו עם שאלות, לא לשגרירות הישראלית משום שעבורם יהודים וישראל זה אותו דבר. 40 שואלים אותנו פעמים רבות בנושאים רבים. 41 באופן אישי, אני לא יודעת מה לענות. 42 אין לנו כלים, אנחנו לא נתמכים על ידי ישראל. 43 אני לא מדברת על תמיכה פיננסית אלא על מידע, תקשורת. 44 האם יש מדיניות לתמיכה בתפוצות כדי שיהיו שגרירים של ישראל? 45 האנשים האלה רוצים להישאר בתפוצות.
46מרינה סולודקין: ראשית, כמו שאמרתי, אין ישראל ללא התפוצות ואין תפוצות בלי התמיכה של ישראל. 47 זה ברור. 48 הממשלה החדשה שלכם מוצאת בעיניי, אני אוהבת את הדברים שנאמרו לאנג'לה מרקל, שאילולא גרמניה היינו עכשיו 60 מיליון ולא 35 מיליון, כמו שאנחנו עכשיו. 49 זה דיבור ישיר. 50 דברים קרו באירופה, וזה חשוב לדבר. 51 אשר לשותפות עם שגרירויות ישראל, אני לא יכולה לשמוע את אנשי המקצוע, משום שבכל מדינה יש שגרירות של ישראל, וזה תלוי מאוד מי מאייש אותה ואיך נעשית העבודה. 52 אני חושבת שהדבר הטוב ביותר הוא להגיע ל""ג'רוזלם פוסט"". 53 כמו כן, אנחנו יכולים לענות לך באי-מייל אם יש לך שאלות ספציפיות. 54 כמובן שהסברה, מידע, צריכים להיעשות. 55 אם לציפי לבני יש שיחות עם מחמוד עבאס, בישראל אנחנו חיים את זה, ולכן לא תמיד אנחנו טובים בהסברה של מה אנחנו עושים ומה אנחנו חושבים. 56 לפעמים גם בכנסת אנחנו לא שומעים מדוע פועלים כך ולא פועלים אחרת. 57 אני מציעה לכל אחד שנמצא כאן למצוא את חבר-הכנסת שלו, מכל מפלגה שהוא מעדיף, הליכוד, מפלגת העבודה או כל מפלגה אחרת. 58 יש אנשים שכותבים אליי ממוסקבה ומבלרוס, ומיידעים אותי מה הם פועלים בקונגרס הרוסי היהודי, ואני מיד מתייחסת למה שהם עושים ומעלה שאילתות. 59 אנחנו חיים כאן ויודעים דברים רבים, מכירים את המנטליות ולכן זאת הדרך שאני מציעה.
60עקיבא תור: אני מציע, לפני שפונים לחברי כנסת, לפנות בכל זאת לשגרירויות משום שיש להם הרבה ידע. 61 אני מצטער שאנחנו צריכים לסיים כאן. 62 תודה לכם מיכאל ומרינה שאירחתם אותנו כאן. 63 תודה.
64מיכאל נודלמן: תודה לכולם, הישיבה נעולה.",0,מדוע מלכה קפקא החליטה לעלות לארץ?,,"מוסבר ב-35 שהיא מגיעה מפולין, אך לא מוזכר אם היא עלתה ומדוע."
knesset,"1 מיכאל נודלמן: אמרתי שעכשיו יש ועדה בין משרדית של משרד הקליטה ומשרד החינוך, והיא דנה בשיטות חדשות ללימוד עברית. 2 זה מאוד חשוב, לא פחות חשוב מדיור ודברים אחרים. 3 אם בן אדם לא יודע שפה הוא לא יכול לקבל עבודה בתפקיד שלו. 4 במשך כמה שנים שבהן העברית שלו תשתפר הוא יוצא ממעגל העבודה, הוא מאבד את המומחיות שלו. 5 זה כמו ספורט, אם לא מתאמנים כמה שנים מאבדים את היתרונות. 6 זה נכון גם לגבי מדען, רופא או כל מקצוע אחר. 7 אם יש שפה, שלא נרכשת תוך חמש או שבע שנים אלא תוך שנה-שנתיים, אפשר להצליח בתחום העבודה שבו אדם מתמחה. 8 אני חייב להגיד שהיו בעיות אצלנו, היו כישלונות עם העלייה מארגנטינה. 9 הבעיה הייתה שהעולים מארגנטינה לא היו מוכנים לעבוד לא במקצוע שלהם. 10 זה ההבדל בינם לבין העולים מרוסיה, שהלכו לכל עבודה שהייתה זמינה והם התקדמו. 11 העולים מארגנטינה רצו לקבל מיד עבודות שבהן עסקו בארגנטינה. 12 ישראל היא מדינה קטנה, אין כל כך הרבה מקומות עבודה, יש תחרות גדולה על כל תפקיד. 13 גם אני עליתי לארץ, גם מרינה, ואני יכול להגיד שזה תהליך לא כל כך קל, זה תהליך קשה מאוד. 14 אדם צריך להיות חזק, להיות בטוח בכך שהעלייה שלו הייתה הדבר הנכון ולהיות בטוח בכוח שלו ובידע שלו במקצוע שלו. 15 אם אדם לא בטוח, אם הוא לא יכול לעבוד באופן זמני בעבודה אחרת, אפשר לאבד את הסבלנות ואת התקווה וזה מה שקרה עם חלק מהעולים, שאני מכיר, מארגנטינה. 16 הם חזרו לארגנטינה.
17 עקיבא תור: מתרגם את דברי היו""ר לאנגלית.
18מיכאל נודלמן: אתם לא צריכים לחשוב שהעלייה לישראל היא דבר קל, שנותנים פה עזרה, נותנים פה כסף מההתחלה, נותנים קורסים ללימוד עברית. 19 לא מחלקים פה סוכריות; כל אחד צריך לעבוד קשה כדי לעבוד ולחיות כמו כל האזרחים. 20 זה נמשך לא שנה-שנתיים-שלוש, אלא צריך לעבוד הרבה זמן כדי להראות לכולם שאתה שווה לכולם. 21 יש פה תחרות. 22 יש פה ותיקים, שגרים ועובדים פה וגם הם רוצים לעבוד. 23 באים אנשים, אולי עם השכלה גבוהה, אבל כולם רוצים לעבוד ואף אחד לא רוצה לתת לך בחינם את מקום העבודה שלו. 24 אתה צריך להיות חזק מאוד כדי להשתתף בתחרות הזאת.
25 עקיבא תור: מתרגם את דברי היו""ר לאנגלית.
26מיכאל נודלמן: אולי בגלל זה מדינת ישראל כל כך חזקה, בגלל שיש תחרות והחזק מתגבר.
27מרינה סולודקין: מיכאל מדגיש שצריך להתחרות, לעבוד קשה ולהיות מוכן לכל דבר, אבל עם זאת העלייה לפה היא הזדמנות מיוחדת להיות אתה עצמך. 28 אדם שחי בתפוצות לא תמיד ממצה את עצמו, כי באיזשהו שלב עולה השאלה של היותך יהודי. 29 כאן, במדינה שלך, אתה יכול להגיע ליותר. 30 למשל, אני הגעתי לכנסת אחרי חמש שנים של שהות בארץ וחבר הכנסת נודלמן הגיע למועצת העיר הצפונית קריית שמונה אחרי שנתיים. 31 זאת מדינה מאוד דמוקרטית, שמעניקה את כל ההזדמנויות והאפשרויות להיות מי שאתה. 32 נכון, שיש גם מאבקים ומלחמות. 33 אני חושב שאחת הטעויות של העולים מארגנטינה היא שהם לא פנו אלינו. 34 אנחנו נלחמים למען אוכלוסיית העולים בארץ, כי ההיקלטות שלהם פה היא לא כל כך טובה.
35מלכה קפקא: אני מגיעה מפולין. 36 פולין היום היא אחת מהתומכות החזקות של ישראל באירופה. 37 אני עובדת באיחוד הקהילות היהודיות בפולין. 38 אנחנו הגוף הראשון שאתו יוצרים מגע המדיה, הממשל ורשויות רבות. 39 הם באים אלינו עם שאלות, לא לשגרירות הישראלית משום שעבורם יהודים וישראל זה אותו דבר. 40 שואלים אותנו פעמים רבות בנושאים רבים. 41 באופן אישי, אני לא יודעת מה לענות. 42 אין לנו כלים, אנחנו לא נתמכים על ידי ישראל. 43 אני לא מדברת על תמיכה פיננסית אלא על מידע, תקשורת. 44 האם יש מדיניות לתמיכה בתפוצות כדי שיהיו שגרירים של ישראל? 45 האנשים האלה רוצים להישאר בתפוצות.
46מרינה סולודקין: ראשית, כמו שאמרתי, אין ישראל ללא התפוצות ואין תפוצות בלי התמיכה של ישראל. 47 זה ברור. 48 הממשלה החדשה שלכם מוצאת בעיניי, אני אוהבת את הדברים שנאמרו לאנג'לה מרקל, שאילולא גרמניה היינו עכשיו 60 מיליון ולא 35 מיליון, כמו שאנחנו עכשיו. 49 זה דיבור ישיר. 50 דברים קרו באירופה, וזה חשוב לדבר. 51 אשר לשותפות עם שגרירויות ישראל, אני לא יכולה לשמוע את אנשי המקצוע, משום שבכל מדינה יש שגרירות של ישראל, וזה תלוי מאוד מי מאייש אותה ואיך נעשית העבודה. 52 אני חושבת שהדבר הטוב ביותר הוא להגיע ל""ג'רוזלם פוסט"". 53 כמו כן, אנחנו יכולים לענות לך באי-מייל אם יש לך שאלות ספציפיות. 54 כמובן שהסברה, מידע, צריכים להיעשות. 55 אם לציפי לבני יש שיחות עם מחמוד עבאס, בישראל אנחנו חיים את זה, ולכן לא תמיד אנחנו טובים בהסברה של מה אנחנו עושים ומה אנחנו חושבים. 56 לפעמים גם בכנסת אנחנו לא שומעים מדוע פועלים כך ולא פועלים אחרת. 57 אני מציעה לכל אחד שנמצא כאן למצוא את חבר-הכנסת שלו, מכל מפלגה שהוא מעדיף, הליכוד, מפלגת העבודה או כל מפלגה אחרת. 58 יש אנשים שכותבים אליי ממוסקבה ומבלרוס, ומיידעים אותי מה הם פועלים בקונגרס הרוסי היהודי, ואני מיד מתייחסת למה שהם עושים ומעלה שאילתות. 59 אנחנו חיים כאן ויודעים דברים רבים, מכירים את המנטליות ולכן זאת הדרך שאני מציעה.
60עקיבא תור: אני מציע, לפני שפונים לחברי כנסת, לפנות בכל זאת לשגרירויות משום שיש להם הרבה ידע. 61 אני מצטער שאנחנו צריכים לסיים כאן. 62 תודה לכם מיכאל ומרינה שאירחתם אותנו כאן. 63 תודה.
64מיכאל נודלמן: תודה לכולם, הישיבה נעולה.",1,"לפי המסמך, כמה יהודים היו כיום בעולם אילולא גרמניה?",60 מיליון,שליפה ממשפט 48 והסתמכות רק על המידע בטקסט ולא על ידע חיצוני.
knesset,"1 מיכאל נודלמן: אמרתי שעכשיו יש ועדה בין משרדית של משרד הקליטה ומשרד החינוך, והיא דנה בשיטות חדשות ללימוד עברית. 2 זה מאוד חשוב, לא פחות חשוב מדיור ודברים אחרים. 3 אם בן אדם לא יודע שפה הוא לא יכול לקבל עבודה בתפקיד שלו. 4 במשך כמה שנים שבהן העברית שלו תשתפר הוא יוצא ממעגל העבודה, הוא מאבד את המומחיות שלו. 5 זה כמו ספורט, אם לא מתאמנים כמה שנים מאבדים את היתרונות. 6 זה נכון גם לגבי מדען, רופא או כל מקצוע אחר. 7 אם יש שפה, שלא נרכשת תוך חמש או שבע שנים אלא תוך שנה-שנתיים, אפשר להצליח בתחום העבודה שבו אדם מתמחה. 8 אני חייב להגיד שהיו בעיות אצלנו, היו כישלונות עם העלייה מארגנטינה. 9 הבעיה הייתה שהעולים מארגנטינה לא היו מוכנים לעבוד לא במקצוע שלהם. 10 זה ההבדל בינם לבין העולים מרוסיה, שהלכו לכל עבודה שהייתה זמינה והם התקדמו. 11 העולים מארגנטינה רצו לקבל מיד עבודות שבהן עסקו בארגנטינה. 12 ישראל היא מדינה קטנה, אין כל כך הרבה מקומות עבודה, יש תחרות גדולה על כל תפקיד. 13 גם אני עליתי לארץ, גם מרינה, ואני יכול להגיד שזה תהליך לא כל כך קל, זה תהליך קשה מאוד. 14 אדם צריך להיות חזק, להיות בטוח בכך שהעלייה שלו הייתה הדבר הנכון ולהיות בטוח בכוח שלו ובידע שלו במקצוע שלו. 15 אם אדם לא בטוח, אם הוא לא יכול לעבוד באופן זמני בעבודה אחרת, אפשר לאבד את הסבלנות ואת התקווה וזה מה שקרה עם חלק מהעולים, שאני מכיר, מארגנטינה. 16 הם חזרו לארגנטינה.
17 עקיבא תור: מתרגם את דברי היו""ר לאנגלית.
18מיכאל נודלמן: אתם לא צריכים לחשוב שהעלייה לישראל היא דבר קל, שנותנים פה עזרה, נותנים פה כסף מההתחלה, נותנים קורסים ללימוד עברית. 19 לא מחלקים פה סוכריות; כל אחד צריך לעבוד קשה כדי לעבוד ולחיות כמו כל האזרחים. 20 זה נמשך לא שנה-שנתיים-שלוש, אלא צריך לעבוד הרבה זמן כדי להראות לכולם שאתה שווה לכולם. 21 יש פה תחרות. 22 יש פה ותיקים, שגרים ועובדים פה וגם הם רוצים לעבוד. 23 באים אנשים, אולי עם השכלה גבוהה, אבל כולם רוצים לעבוד ואף אחד לא רוצה לתת לך בחינם את מקום העבודה שלו. 24 אתה צריך להיות חזק מאוד כדי להשתתף בתחרות הזאת.
25 עקיבא תור: מתרגם את דברי היו""ר לאנגלית.
26מיכאל נודלמן: אולי בגלל זה מדינת ישראל כל כך חזקה, בגלל שיש תחרות והחזק מתגבר.
27מרינה סולודקין: מיכאל מדגיש שצריך להתחרות, לעבוד קשה ולהיות מוכן לכל דבר, אבל עם זאת העלייה לפה היא הזדמנות מיוחדת להיות אתה עצמך. 28 אדם שחי בתפוצות לא תמיד ממצה את עצמו, כי באיזשהו שלב עולה השאלה של היותך יהודי. 29 כאן, במדינה שלך, אתה יכול להגיע ליותר. 30 למשל, אני הגעתי לכנסת אחרי חמש שנים של שהות בארץ וחבר הכנסת נודלמן הגיע למועצת העיר הצפונית קריית שמונה אחרי שנתיים. 31 זאת מדינה מאוד דמוקרטית, שמעניקה את כל ההזדמנויות והאפשרויות להיות מי שאתה. 32 נכון, שיש גם מאבקים ומלחמות. 33 אני חושב שאחת הטעויות של העולים מארגנטינה היא שהם לא פנו אלינו. 34 אנחנו נלחמים למען אוכלוסיית העולים בארץ, כי ההיקלטות שלהם פה היא לא כל כך טובה.
35מלכה קפקא: אני מגיעה מפולין. 36 פולין היום היא אחת מהתומכות החזקות של ישראל באירופה. 37 אני עובדת באיחוד הקהילות היהודיות בפולין. 38 אנחנו הגוף הראשון שאתו יוצרים מגע המדיה, הממשל ורשויות רבות. 39 הם באים אלינו עם שאלות, לא לשגרירות הישראלית משום שעבורם יהודים וישראל זה אותו דבר. 40 שואלים אותנו פעמים רבות בנושאים רבים. 41 באופן אישי, אני לא יודעת מה לענות. 42 אין לנו כלים, אנחנו לא נתמכים על ידי ישראל. 43 אני לא מדברת על תמיכה פיננסית אלא על מידע, תקשורת. 44 האם יש מדיניות לתמיכה בתפוצות כדי שיהיו שגרירים של ישראל? 45 האנשים האלה רוצים להישאר בתפוצות.
46מרינה סולודקין: ראשית, כמו שאמרתי, אין ישראל ללא התפוצות ואין תפוצות בלי התמיכה של ישראל. 47 זה ברור. 48 הממשלה החדשה שלכם מוצאת בעיניי, אני אוהבת את הדברים שנאמרו לאנג'לה מרקל, שאילולא גרמניה היינו עכשיו 60 מיליון ולא 35 מיליון, כמו שאנחנו עכשיו. 49 זה דיבור ישיר. 50 דברים קרו באירופה, וזה חשוב לדבר. 51 אשר לשותפות עם שגרירויות ישראל, אני לא יכולה לשמוע את אנשי המקצוע, משום שבכל מדינה יש שגרירות של ישראל, וזה תלוי מאוד מי מאייש אותה ואיך נעשית העבודה. 52 אני חושבת שהדבר הטוב ביותר הוא להגיע ל""ג'רוזלם פוסט"". 53 כמו כן, אנחנו יכולים לענות לך באי-מייל אם יש לך שאלות ספציפיות. 54 כמובן שהסברה, מידע, צריכים להיעשות. 55 אם לציפי לבני יש שיחות עם מחמוד עבאס, בישראל אנחנו חיים את זה, ולכן לא תמיד אנחנו טובים בהסברה של מה אנחנו עושים ומה אנחנו חושבים. 56 לפעמים גם בכנסת אנחנו לא שומעים מדוע פועלים כך ולא פועלים אחרת. 57 אני מציעה לכל אחד שנמצא כאן למצוא את חבר-הכנסת שלו, מכל מפלגה שהוא מעדיף, הליכוד, מפלגת העבודה או כל מפלגה אחרת. 58 יש אנשים שכותבים אליי ממוסקבה ומבלרוס, ומיידעים אותי מה הם פועלים בקונגרס הרוסי היהודי, ואני מיד מתייחסת למה שהם עושים ומעלה שאילתות. 59 אנחנו חיים כאן ויודעים דברים רבים, מכירים את המנטליות ולכן זאת הדרך שאני מציעה.
60עקיבא תור: אני מציע, לפני שפונים לחברי כנסת, לפנות בכל זאת לשגרירויות משום שיש להם הרבה ידע. 61 אני מצטער שאנחנו צריכים לסיים כאן. 62 תודה לכם מיכאל ומרינה שאירחתם אותנו כאן. 63 תודה.
64מיכאל נודלמן: תודה לכולם, הישיבה נעולה.",2,למי מהדוברים יש קשרים בעת הנוכחית עם אנשים בארגונים יהודיים בחו״ל?,מלכה קפקא (37) ומרינה סולודקין (58).,חיבור של שני פריטי מידע ממקומות שונים במסמך.
knesset,"1 מיכאל נודלמן: אמרתי שעכשיו יש ועדה בין משרדית של משרד הקליטה ומשרד החינוך, והיא דנה בשיטות חדשות ללימוד עברית. 2 זה מאוד חשוב, לא פחות חשוב מדיור ודברים אחרים. 3 אם בן אדם לא יודע שפה הוא לא יכול לקבל עבודה בתפקיד שלו. 4 במשך כמה שנים שבהן העברית שלו תשתפר הוא יוצא ממעגל העבודה, הוא מאבד את המומחיות שלו. 5 זה כמו ספורט, אם לא מתאמנים כמה שנים מאבדים את היתרונות. 6 זה נכון גם לגבי מדען, רופא או כל מקצוע אחר. 7 אם יש שפה, שלא נרכשת תוך חמש או שבע שנים אלא תוך שנה-שנתיים, אפשר להצליח בתחום העבודה שבו אדם מתמחה. 8 אני חייב להגיד שהיו בעיות אצלנו, היו כישלונות עם העלייה מארגנטינה. 9 הבעיה הייתה שהעולים מארגנטינה לא היו מוכנים לעבוד לא במקצוע שלהם. 10 זה ההבדל בינם לבין העולים מרוסיה, שהלכו לכל עבודה שהייתה זמינה והם התקדמו. 11 העולים מארגנטינה רצו לקבל מיד עבודות שבהן עסקו בארגנטינה. 12 ישראל היא מדינה קטנה, אין כל כך הרבה מקומות עבודה, יש תחרות גדולה על כל תפקיד. 13 גם אני עליתי לארץ, גם מרינה, ואני יכול להגיד שזה תהליך לא כל כך קל, זה תהליך קשה מאוד. 14 אדם צריך להיות חזק, להיות בטוח בכך שהעלייה שלו הייתה הדבר הנכון ולהיות בטוח בכוח שלו ובידע שלו במקצוע שלו. 15 אם אדם לא בטוח, אם הוא לא יכול לעבוד באופן זמני בעבודה אחרת, אפשר לאבד את הסבלנות ואת התקווה וזה מה שקרה עם חלק מהעולים, שאני מכיר, מארגנטינה. 16 הם חזרו לארגנטינה.
17 עקיבא תור: מתרגם את דברי היו""ר לאנגלית.
18מיכאל נודלמן: אתם לא צריכים לחשוב שהעלייה לישראל היא דבר קל, שנותנים פה עזרה, נותנים פה כסף מההתחלה, נותנים קורסים ללימוד עברית. 19 לא מחלקים פה סוכריות; כל אחד צריך לעבוד קשה כדי לעבוד ולחיות כמו כל האזרחים. 20 זה נמשך לא שנה-שנתיים-שלוש, אלא צריך לעבוד הרבה זמן כדי להראות לכולם שאתה שווה לכולם. 21 יש פה תחרות. 22 יש פה ותיקים, שגרים ועובדים פה וגם הם רוצים לעבוד. 23 באים אנשים, אולי עם השכלה גבוהה, אבל כולם רוצים לעבוד ואף אחד לא רוצה לתת לך בחינם את מקום העבודה שלו. 24 אתה צריך להיות חזק מאוד כדי להשתתף בתחרות הזאת.
25 עקיבא תור: מתרגם את דברי היו""ר לאנגלית.
26מיכאל נודלמן: אולי בגלל זה מדינת ישראל כל כך חזקה, בגלל שיש תחרות והחזק מתגבר.
27מרינה סולודקין: מיכאל מדגיש שצריך להתחרות, לעבוד קשה ולהיות מוכן לכל דבר, אבל עם זאת העלייה לפה היא הזדמנות מיוחדת להיות אתה עצמך. 28 אדם שחי בתפוצות לא תמיד ממצה את עצמו, כי באיזשהו שלב עולה השאלה של היותך יהודי. 29 כאן, במדינה שלך, אתה יכול להגיע ליותר. 30 למשל, אני הגעתי לכנסת אחרי חמש שנים של שהות בארץ וחבר הכנסת נודלמן הגיע למועצת העיר הצפונית קריית שמונה אחרי שנתיים. 31 זאת מדינה מאוד דמוקרטית, שמעניקה את כל ההזדמנויות והאפשרויות להיות מי שאתה. 32 נכון, שיש גם מאבקים ומלחמות. 33 אני חושב שאחת הטעויות של העולים מארגנטינה היא שהם לא פנו אלינו. 34 אנחנו נלחמים למען אוכלוסיית העולים בארץ, כי ההיקלטות שלהם פה היא לא כל כך טובה.
35מלכה קפקא: אני מגיעה מפולין. 36 פולין היום היא אחת מהתומכות החזקות של ישראל באירופה. 37 אני עובדת באיחוד הקהילות היהודיות בפולין. 38 אנחנו הגוף הראשון שאתו יוצרים מגע המדיה, הממשל ורשויות רבות. 39 הם באים אלינו עם שאלות, לא לשגרירות הישראלית משום שעבורם יהודים וישראל זה אותו דבר. 40 שואלים אותנו פעמים רבות בנושאים רבים. 41 באופן אישי, אני לא יודעת מה לענות. 42 אין לנו כלים, אנחנו לא נתמכים על ידי ישראל. 43 אני לא מדברת על תמיכה פיננסית אלא על מידע, תקשורת. 44 האם יש מדיניות לתמיכה בתפוצות כדי שיהיו שגרירים של ישראל? 45 האנשים האלה רוצים להישאר בתפוצות.
46מרינה סולודקין: ראשית, כמו שאמרתי, אין ישראל ללא התפוצות ואין תפוצות בלי התמיכה של ישראל. 47 זה ברור. 48 הממשלה החדשה שלכם מוצאת בעיניי, אני אוהבת את הדברים שנאמרו לאנג'לה מרקל, שאילולא גרמניה היינו עכשיו 60 מיליון ולא 35 מיליון, כמו שאנחנו עכשיו. 49 זה דיבור ישיר. 50 דברים קרו באירופה, וזה חשוב לדבר. 51 אשר לשותפות עם שגרירויות ישראל, אני לא יכולה לשמוע את אנשי המקצוע, משום שבכל מדינה יש שגרירות של ישראל, וזה תלוי מאוד מי מאייש אותה ואיך נעשית העבודה. 52 אני חושבת שהדבר הטוב ביותר הוא להגיע ל""ג'רוזלם פוסט"". 53 כמו כן, אנחנו יכולים לענות לך באי-מייל אם יש לך שאלות ספציפיות. 54 כמובן שהסברה, מידע, צריכים להיעשות. 55 אם לציפי לבני יש שיחות עם מחמוד עבאס, בישראל אנחנו חיים את זה, ולכן לא תמיד אנחנו טובים בהסברה של מה אנחנו עושים ומה אנחנו חושבים. 56 לפעמים גם בכנסת אנחנו לא שומעים מדוע פועלים כך ולא פועלים אחרת. 57 אני מציעה לכל אחד שנמצא כאן למצוא את חבר-הכנסת שלו, מכל מפלגה שהוא מעדיף, הליכוד, מפלגת העבודה או כל מפלגה אחרת. 58 יש אנשים שכותבים אליי ממוסקבה ומבלרוס, ומיידעים אותי מה הם פועלים בקונגרס הרוסי היהודי, ואני מיד מתייחסת למה שהם עושים ומעלה שאילתות. 59 אנחנו חיים כאן ויודעים דברים רבים, מכירים את המנטליות ולכן זאת הדרך שאני מציעה.
60עקיבא תור: אני מציע, לפני שפונים לחברי כנסת, לפנות בכל זאת לשגרירויות משום שיש להם הרבה ידע. 61 אני מצטער שאנחנו צריכים לסיים כאן. 62 תודה לכם מיכאל ומרינה שאירחתם אותנו כאן. 63 תודה.
64מיכאל נודלמן: תודה לכולם, הישיבה נעולה.",3,איך יהודי התפוצות יכולים לצפות לחוות את הממשקים השונים עם מדינת ישראל?,,דורש סינתוז של כל המידע בחלק הראשון על אתגרי העלייה וכל המידע בחלק השני על אתגרי ההסברה לכדי גיבוש מסקנה מתומצתת יחסית.
knesset,"1 אפרת רייטן: בוקר טוב, לחברי ועדת העבודה והרווחה, אנחנו מתכבדים לפתוח את הישיבה הבוקר. 2 היום ה-6 בדצמבר 2021, ב' בטבת, תשפ""ב. 3 הבוקר נדון ונצביע בהצעה להקמת ועדת משנה לעניין בטיחות בעבודה, בעיקר, בדגש בענף הבנייה. 4 החשיבות הגדולה היא באמת להסדיר את כל מה שרלבנטי לבטיחות בעבודה ולגהות. 5 הצעתי היא למנות את חבר הכנסת אוסאמה סעדי, כיו""ר הוועדה, וחברי הכנסת מטעם הוועדה שיכהנו בוועדת המשנה עם חבר הכנסת יצחק פינדרוס, חבר הכנסת מופיד מרעי, חברת הכנסת אלינה ברדץ' יאלוב, חבר הכנסת מאזן גנאים, וחברת הכנסת מיכל רוזין.
6נעה בן שבת: הוועדה יכולה לעסוק בנושאים הקשורים לבטיחות בעבודה. 7 לקיים פיקוח פרלמנטרי, לערוך דיונים יזומים בנושא. 8 היא גם יכולה לדון בהצעות-לסדר יום בדיונים מהירים בנושאים אלה אם יושבת-הראש של הוועדה החליטה להעביר אותם לדיון בה. 9 הם יועברו כמובן לוועדת העבודה והרווחה על-ידי מליאת הכנסת והנשיאות. 10 ועדת המשנה יכולה לדון בהצעות חוק ובתקנות, או חקיקת משנה, רק אם יושבת-ראש מחליטה להעביר אותן אליה, וכמובן, האישור שלהן ייעשה במליאת הוועדה, בוועדת העבודה והרווחה.
11מופיד מרעי: בצורה פרטנית או מראש?
12נעה בן שבת: הסכמה פרטנית.
13אפרת רייטן: פרטנית. 14 הואיל ומדובר בוועדה מאוד חשובה, אני חושבת שחבר הכנסת אוסאמה סעדי, שכבר עסק בנושא, וכבר היה יו""ר בכנסות הקודמות של הוועדה הזו – גם צבר את הניסיון. 15 גם הנושא הזה, אני יודעת שהוא קרוב לליבך, ואתה דואג באמת בצורה מעוררת הערכה רבה לחיי אדם. 16 גם בתוקף תפקידך כעו""ד, מביא איתך גם עוד הרבה מאוד כישורים ויכולות נוספות שאין לי ספק שהן מסייעות לך לערוך ולקיים את התפקיד הזה בצורה הכי טובה שיכולה להיות. 17 אני באמת סומכת עליך, וכך, חברי הוועדה האחרים. 18 המשימות הן אדירות. 19 ראיתי הבוקר שמתחילת השנה – 457 נפגעים. 20 ו-59 הרוגים, ומתוכם, מתוך ה-59, 33 הרוגים בענף הבנייה. 21 אלה נתונים פשוט קשים. 22 סגן השרה יאיר גולן, אנחנו יודעים שממונה על הנושא הזה מטעם הממשלה, ועושה כמיטב יכולתו לקדם ולשנות דברים. 23 אבל אנחנו צריכים באמת את עבודת הכנסת שתיתן כאן את הטון, גם מבחינת הקידום, האצה של הדברים, הפיקוח. 24 יש כאן עבודה רבה. 25 אני יודעת שכבר יש לך ניסיון, ואני באמת שמחה להציע אותך כיו""ר ועדה. 26 ניגש להצבעה. 27 מי בעד מינויו של חבר הכנסת אוסאמה סעדי, ליו""ר ועדת המשנה, והקמת הוועדה – שירים את ידו.
28אפרת רייטן: בעד – רוב
אפרת רייטן: אושר
אפרת רייטן: פה אחד – 3. 29 אין מתנגדים ואין נמנעים. 30 ברכות, חבר הכנסת אוסאמה סעדי.
31אוסאמה סעדי (יו""ר ועדת משנה לעניין בטיחות בעבודה): תודה. 32 תודה רבה, גברתי היושבת-ראש, באמת, אני מודה על הקמת הוועדה, ועל האמון ועל המלים החמות שאת אמרת בפתיח. 33 באמת, מדובר בסוגיה שחשובה מאוד, שמתייחסת לחיי אדם, ובמקרה הזה, חיי פועלים ועובדים. 34 לגבי המספרים, יש קצת מחלוקת – בין אם זה 64, בין אם זה 59. 35 אבל יותר ממחציתם בענף הבניין, חוץ מאלפי נפגעים. 36 כשמדברים על הרוגים, אז אנחנו שוכחים גם את הנפגעים, ולפעמים הנפגעים – שנינו היינו עורכי דין. 37 כשאתה רואה פועל צעיר שהוא נכה מאה אחוז, זה גם אסון למשפחה ולאיש עצמו. 38 בכנסת הקודמת הייתה לנו ועדה שהצטמצמה לתאונות בענף הבניין. 39 אבל אנחנו רואים חשיבות רבה גם את, גם אני, וגם יתר חברי הוועדה, אנחנו נתייחס באופן רוחבי לכל העניין הזה של הבטיחות בעבודה בכל המקומות - אם זה בניין, בין אם זו תעשייה, ויש הרבה מאוד מה לעשות. 40 לצערנו, התחום הזה היה מופקר בשנים האחרונות. 41 חלק רב מהתקנות כבר פג תוקפן, ולא חודשו. 42 למשל, כל התקנות של הפיגומים. 43 אני יודע שמשרד העבודה וסגן השרה מתכננים רפורמה גדולה, ולכן, אנחנו חייבים פה פיקוח שהרפורמה הזאת תיכנס לתוקף, ושאנחנו ניתן את דעתנו, ושהיא תהיה רפורמה טובה. 44 כמובן, איך שעשינו בכנסת הקודמת, בוועדה הקודמת, עם המנהלת המצוינת, ועם היועצת המשפטית. 45 אנחנו היינו בקשר עם כל הגופים – גם ההסתדרות, וגם האיגודים המקצועיים, וגם העמותות, וגם ארגוני הקבלנים. 46 אנחנו חייבים לשלב ידיים. 47 אפילו אם נציל נפש של פועל אחד - אז עשינו את מלאכתנו. 48 אבל המטרה באמת לצמצם כמה שיותר את הנתונים הזוועתיים בעניין הזה. 49 כמובן, אני כולי מגויס לעניין הזה, ובתיאום מלא איתך, גברתי היושבת-ראש, אנחנו צריכים את העזרה שלך גם בתור יושבת-ראש. 50 אנחנו גם נעשה ביקורים באתרי העבודה, ולראות מקרוב איך מתנהלים העניינים. 51 ולכן, אני מודה לך. 52 כמובן שאנחנו נפשיל שרוולים ונתחיל את העבודה מיד. 53 אנחנו נעשה את התיקון כך שבין הוועדה הכללית לבין ועדת המשנה. 54 תודה לך. 55 וגם לכל החברים שיהיו חברים בוועדת המשנה ונצא לעבודה.
56 אפרת רייטן: נצא לעבודה בבטיחות. 57 תודה רבה. 58 יושב-ראש החדש בוועדת המשנה. 59 חבר הכנסת טיבי, הגעת לברך.
60 אחמד טיבי: אני רוצה לברך על בחירתו של חבר הכנסת אוסאמה סעדי, בחירה מצוינת. 61 הוא היה יו""ר ועדת המשנה בקדנציה הקודמת. 62 הוא, כל כולו נטוע בנושא הזה שזה נושא כואב, במיוחד בחברה הערבית. 63 רוב מוחץ של הנפגעים וההרוגים, הם ערבים. 64 אני רוצה להודות, לך, חברת הכנסת רייטן, יו""ר ועדת העבודה על ההחלטה ועל הבחירה. 65 אני בטוח שאוסאמה יעשה עבודה מצוינת. 66 חייבים לשנות את המציאות הזאת של קיפוח חיי אדם בתאונות שחייבים למנוע אותן. 67 תודה רבה.
68 אפרת רייטן: תודה רבה, חבר הכנסת טיבי. 69 חבר הכנסת מופיד מרעי. 70 בבקשה.
71 מופיד מרעי: בוקר טוב, גברתי היושבת-ראש, מזל טוב, אדוני היושב-ראש החדש של ועדת משנה. 72 נעמוד לרשותך עם כל הניסיון שיש לי. 73 אגב, אני יושב-ראש ועדת חקירה לנפגעי תאונות בצבא, כך שהרקע לבדיקה של תאונות יש. 74 הייתי מנהל אגף בביטוח הלאומי. 75 בכל מקרה, את הידע אני כן שם כאן לפי ההבנה. 76 מה שחשוב כאן מעבר לברכות, ולמזל טוב, וזה מלווה אותנו גם בתאונות בדרכים, גם באלימות וגם לי - התחושה בשטח, וגם כחבר כנסת, ולפני זה בתפקידים הקודמים, שאנחנו מדברים הרבה ועושים פחות. 77 כשאתה בא ובודק את זה כל יום בבוקר, האם יש איזה אירוע בישוב כזה או אחר. 78 אתה אומר לעצמך, אתה יודע מה, עד מתי אנחנו נדבר? 79 עד מתי אנחנו נתכנן, ולא נוציא לפועל? 80 אני אבקש ממך, באמת, מכל הסיוע האפשרי, להיות פרקטיים לעשייה. 81 אם לא נהפוך להיות פרקטיים בעשייה שלנו – לא נוריד את רמת העבודה. 82 יש הרבה הרוגים מתאונות עבודה, כל אחד יודע. 83 הענף הזה לא מסודר. 84 אני תמיד מדבר על ביקורת. 85 גם הייתי איש ביקורת, הייתי ראש צוות ביקורת במערכת. 86 אני אומר, אם לא יהיו הכלים לאכיפה, כלים לענישה טובה, וכלים להתמודד עם הבעיה – לא נתמודד עם הבעיה. 87 נוכל לקיים הרבה מאוד בעיות. 88 אז לכן אנחנו צריכים להיות פרקטיים יותר מאשר להיות תיאורטיים. 89 אני מאמין ומכיר את אוסאמה, גם בתפקידיו הקודמים, מכיר את היכולות שלו. 90 אין ספק שהוא יעשה את זה בצורה טובה. 91 ואני מאמין שבאמת נצליח לקדם משהו. 92 תודה. 93
אפרת רייטן: תודה רבה, חבר הכנסת מרעי. 94 אני חושבת שאתה מקבל פה סיוע אווירי ויבשתי מכולם בוועדה הזאת. 95 הנושא הזה הוא כל כך בלב, ובנפש של כולנו. 96 מאוד מאחלים לך בהצלחה, ורוצים – הצלחתך זו הצלחתנו.
97 אוסאמה סעדי: הצלחתי - הצלחת כולנו.
98 אפרת רייטן: שתצליח בהמשך. 99 אנחנו נקבל ממך עדכונים במהלך העבודה של הוועדה.
100 אחמד טיבי: מהו השם הרשמי של הוועדה?
101 אפרת רייטן: הוועדה לעניין בטיחות בעבודה.
102 אפרת רייטן: בהצלחה. 103 אני נועלת את הישיבה. 104 הישיבה נעולה.",0,מה הם השינויים שמוצעים במסגרת הרפורמה המתוכננת ע״י משרד העבודה?,,הרפורמה מוזכרת ב-43 אך לא מפורטת.
knesset,"1 אפרת רייטן: בוקר טוב, לחברי ועדת העבודה והרווחה, אנחנו מתכבדים לפתוח את הישיבה הבוקר. 2 היום ה-6 בדצמבר 2021, ב' בטבת, תשפ""ב. 3 הבוקר נדון ונצביע בהצעה להקמת ועדת משנה לעניין בטיחות בעבודה, בעיקר, בדגש בענף הבנייה. 4 החשיבות הגדולה היא באמת להסדיר את כל מה שרלבנטי לבטיחות בעבודה ולגהות. 5 הצעתי היא למנות את חבר הכנסת אוסאמה סעדי, כיו""ר הוועדה, וחברי הכנסת מטעם הוועדה שיכהנו בוועדת המשנה עם חבר הכנסת יצחק פינדרוס, חבר הכנסת מופיד מרעי, חברת הכנסת אלינה ברדץ' יאלוב, חבר הכנסת מאזן גנאים, וחברת הכנסת מיכל רוזין.
6נעה בן שבת: הוועדה יכולה לעסוק בנושאים הקשורים לבטיחות בעבודה. 7 לקיים פיקוח פרלמנטרי, לערוך דיונים יזומים בנושא. 8 היא גם יכולה לדון בהצעות-לסדר יום בדיונים מהירים בנושאים אלה אם יושבת-הראש של הוועדה החליטה להעביר אותם לדיון בה. 9 הם יועברו כמובן לוועדת העבודה והרווחה על-ידי מליאת הכנסת והנשיאות. 10 ועדת המשנה יכולה לדון בהצעות חוק ובתקנות, או חקיקת משנה, רק אם יושבת-ראש מחליטה להעביר אותן אליה, וכמובן, האישור שלהן ייעשה במליאת הוועדה, בוועדת העבודה והרווחה.
11מופיד מרעי: בצורה פרטנית או מראש?
12נעה בן שבת: הסכמה פרטנית.
13אפרת רייטן: פרטנית. 14 הואיל ומדובר בוועדה מאוד חשובה, אני חושבת שחבר הכנסת אוסאמה סעדי, שכבר עסק בנושא, וכבר היה יו""ר בכנסות הקודמות של הוועדה הזו – גם צבר את הניסיון. 15 גם הנושא הזה, אני יודעת שהוא קרוב לליבך, ואתה דואג באמת בצורה מעוררת הערכה רבה לחיי אדם. 16 גם בתוקף תפקידך כעו""ד, מביא איתך גם עוד הרבה מאוד כישורים ויכולות נוספות שאין לי ספק שהן מסייעות לך לערוך ולקיים את התפקיד הזה בצורה הכי טובה שיכולה להיות. 17 אני באמת סומכת עליך, וכך, חברי הוועדה האחרים. 18 המשימות הן אדירות. 19 ראיתי הבוקר שמתחילת השנה – 457 נפגעים. 20 ו-59 הרוגים, ומתוכם, מתוך ה-59, 33 הרוגים בענף הבנייה. 21 אלה נתונים פשוט קשים. 22 סגן השרה יאיר גולן, אנחנו יודעים שממונה על הנושא הזה מטעם הממשלה, ועושה כמיטב יכולתו לקדם ולשנות דברים. 23 אבל אנחנו צריכים באמת את עבודת הכנסת שתיתן כאן את הטון, גם מבחינת הקידום, האצה של הדברים, הפיקוח. 24 יש כאן עבודה רבה. 25 אני יודעת שכבר יש לך ניסיון, ואני באמת שמחה להציע אותך כיו""ר ועדה. 26 ניגש להצבעה. 27 מי בעד מינויו של חבר הכנסת אוסאמה סעדי, ליו""ר ועדת המשנה, והקמת הוועדה – שירים את ידו.
28אפרת רייטן: בעד – רוב
אפרת רייטן: אושר
אפרת רייטן: פה אחד – 3. 29 אין מתנגדים ואין נמנעים. 30 ברכות, חבר הכנסת אוסאמה סעדי.
31אוסאמה סעדי (יו""ר ועדת משנה לעניין בטיחות בעבודה): תודה. 32 תודה רבה, גברתי היושבת-ראש, באמת, אני מודה על הקמת הוועדה, ועל האמון ועל המלים החמות שאת אמרת בפתיח. 33 באמת, מדובר בסוגיה שחשובה מאוד, שמתייחסת לחיי אדם, ובמקרה הזה, חיי פועלים ועובדים. 34 לגבי המספרים, יש קצת מחלוקת – בין אם זה 64, בין אם זה 59. 35 אבל יותר ממחציתם בענף הבניין, חוץ מאלפי נפגעים. 36 כשמדברים על הרוגים, אז אנחנו שוכחים גם את הנפגעים, ולפעמים הנפגעים – שנינו היינו עורכי דין. 37 כשאתה רואה פועל צעיר שהוא נכה מאה אחוז, זה גם אסון למשפחה ולאיש עצמו. 38 בכנסת הקודמת הייתה לנו ועדה שהצטמצמה לתאונות בענף הבניין. 39 אבל אנחנו רואים חשיבות רבה גם את, גם אני, וגם יתר חברי הוועדה, אנחנו נתייחס באופן רוחבי לכל העניין הזה של הבטיחות בעבודה בכל המקומות - אם זה בניין, בין אם זו תעשייה, ויש הרבה מאוד מה לעשות. 40 לצערנו, התחום הזה היה מופקר בשנים האחרונות. 41 חלק רב מהתקנות כבר פג תוקפן, ולא חודשו. 42 למשל, כל התקנות של הפיגומים. 43 אני יודע שמשרד העבודה וסגן השרה מתכננים רפורמה גדולה, ולכן, אנחנו חייבים פה פיקוח שהרפורמה הזאת תיכנס לתוקף, ושאנחנו ניתן את דעתנו, ושהיא תהיה רפורמה טובה. 44 כמובן, איך שעשינו בכנסת הקודמת, בוועדה הקודמת, עם המנהלת המצוינת, ועם היועצת המשפטית. 45 אנחנו היינו בקשר עם כל הגופים – גם ההסתדרות, וגם האיגודים המקצועיים, וגם העמותות, וגם ארגוני הקבלנים. 46 אנחנו חייבים לשלב ידיים. 47 אפילו אם נציל נפש של פועל אחד - אז עשינו את מלאכתנו. 48 אבל המטרה באמת לצמצם כמה שיותר את הנתונים הזוועתיים בעניין הזה. 49 כמובן, אני כולי מגויס לעניין הזה, ובתיאום מלא איתך, גברתי היושבת-ראש, אנחנו צריכים את העזרה שלך גם בתור יושבת-ראש. 50 אנחנו גם נעשה ביקורים באתרי העבודה, ולראות מקרוב איך מתנהלים העניינים. 51 ולכן, אני מודה לך. 52 כמובן שאנחנו נפשיל שרוולים ונתחיל את העבודה מיד. 53 אנחנו נעשה את התיקון כך שבין הוועדה הכללית לבין ועדת המשנה. 54 תודה לך. 55 וגם לכל החברים שיהיו חברים בוועדת המשנה ונצא לעבודה.
56 אפרת רייטן: נצא לעבודה בבטיחות. 57 תודה רבה. 58 יושב-ראש החדש בוועדת המשנה. 59 חבר הכנסת טיבי, הגעת לברך.
60 אחמד טיבי: אני רוצה לברך על בחירתו של חבר הכנסת אוסאמה סעדי, בחירה מצוינת. 61 הוא היה יו""ר ועדת המשנה בקדנציה הקודמת. 62 הוא, כל כולו נטוע בנושא הזה שזה נושא כואב, במיוחד בחברה הערבית. 63 רוב מוחץ של הנפגעים וההרוגים, הם ערבים. 64 אני רוצה להודות, לך, חברת הכנסת רייטן, יו""ר ועדת העבודה על ההחלטה ועל הבחירה. 65 אני בטוח שאוסאמה יעשה עבודה מצוינת. 66 חייבים לשנות את המציאות הזאת של קיפוח חיי אדם בתאונות שחייבים למנוע אותן. 67 תודה רבה.
68 אפרת רייטן: תודה רבה, חבר הכנסת טיבי. 69 חבר הכנסת מופיד מרעי. 70 בבקשה.
71 מופיד מרעי: בוקר טוב, גברתי היושבת-ראש, מזל טוב, אדוני היושב-ראש החדש של ועדת משנה. 72 נעמוד לרשותך עם כל הניסיון שיש לי. 73 אגב, אני יושב-ראש ועדת חקירה לנפגעי תאונות בצבא, כך שהרקע לבדיקה של תאונות יש. 74 הייתי מנהל אגף בביטוח הלאומי. 75 בכל מקרה, את הידע אני כן שם כאן לפי ההבנה. 76 מה שחשוב כאן מעבר לברכות, ולמזל טוב, וזה מלווה אותנו גם בתאונות בדרכים, גם באלימות וגם לי - התחושה בשטח, וגם כחבר כנסת, ולפני זה בתפקידים הקודמים, שאנחנו מדברים הרבה ועושים פחות. 77 כשאתה בא ובודק את זה כל יום בבוקר, האם יש איזה אירוע בישוב כזה או אחר. 78 אתה אומר לעצמך, אתה יודע מה, עד מתי אנחנו נדבר? 79 עד מתי אנחנו נתכנן, ולא נוציא לפועל? 80 אני אבקש ממך, באמת, מכל הסיוע האפשרי, להיות פרקטיים לעשייה. 81 אם לא נהפוך להיות פרקטיים בעשייה שלנו – לא נוריד את רמת העבודה. 82 יש הרבה הרוגים מתאונות עבודה, כל אחד יודע. 83 הענף הזה לא מסודר. 84 אני תמיד מדבר על ביקורת. 85 גם הייתי איש ביקורת, הייתי ראש צוות ביקורת במערכת. 86 אני אומר, אם לא יהיו הכלים לאכיפה, כלים לענישה טובה, וכלים להתמודד עם הבעיה – לא נתמודד עם הבעיה. 87 נוכל לקיים הרבה מאוד בעיות. 88 אז לכן אנחנו צריכים להיות פרקטיים יותר מאשר להיות תיאורטיים. 89 אני מאמין ומכיר את אוסאמה, גם בתפקידיו הקודמים, מכיר את היכולות שלו. 90 אין ספק שהוא יעשה את זה בצורה טובה. 91 ואני מאמין שבאמת נצליח לקדם משהו. 92 תודה. 93
אפרת רייטן: תודה רבה, חבר הכנסת מרעי. 94 אני חושבת שאתה מקבל פה סיוע אווירי ויבשתי מכולם בוועדה הזאת. 95 הנושא הזה הוא כל כך בלב, ובנפש של כולנו. 96 מאוד מאחלים לך בהצלחה, ורוצים – הצלחתך זו הצלחתנו.
97 אוסאמה סעדי: הצלחתי - הצלחת כולנו.
98 אפרת רייטן: שתצליח בהמשך. 99 אנחנו נקבל ממך עדכונים במהלך העבודה של הוועדה.
100 אחמד טיבי: מהו השם הרשמי של הוועדה?
101 אפרת רייטן: הוועדה לעניין בטיחות בעבודה.
102 אפרת רייטן: בהצלחה. 103 אני נועלת את הישיבה. 104 הישיבה נעולה.",1,"מי הוא המשנה ליו""ר ועדת משנה לעניין בטיחות בעבודה?",,שליפה של משפט 31.
knesset,"1 אפרת רייטן: בוקר טוב, לחברי ועדת העבודה והרווחה, אנחנו מתכבדים לפתוח את הישיבה הבוקר. 2 היום ה-6 בדצמבר 2021, ב' בטבת, תשפ""ב. 3 הבוקר נדון ונצביע בהצעה להקמת ועדת משנה לעניין בטיחות בעבודה, בעיקר, בדגש בענף הבנייה. 4 החשיבות הגדולה היא באמת להסדיר את כל מה שרלבנטי לבטיחות בעבודה ולגהות. 5 הצעתי היא למנות את חבר הכנסת אוסאמה סעדי, כיו""ר הוועדה, וחברי הכנסת מטעם הוועדה שיכהנו בוועדת המשנה עם חבר הכנסת יצחק פינדרוס, חבר הכנסת מופיד מרעי, חברת הכנסת אלינה ברדץ' יאלוב, חבר הכנסת מאזן גנאים, וחברת הכנסת מיכל רוזין.
6נעה בן שבת: הוועדה יכולה לעסוק בנושאים הקשורים לבטיחות בעבודה. 7 לקיים פיקוח פרלמנטרי, לערוך דיונים יזומים בנושא. 8 היא גם יכולה לדון בהצעות-לסדר יום בדיונים מהירים בנושאים אלה אם יושבת-הראש של הוועדה החליטה להעביר אותם לדיון בה. 9 הם יועברו כמובן לוועדת העבודה והרווחה על-ידי מליאת הכנסת והנשיאות. 10 ועדת המשנה יכולה לדון בהצעות חוק ובתקנות, או חקיקת משנה, רק אם יושבת-ראש מחליטה להעביר אותן אליה, וכמובן, האישור שלהן ייעשה במליאת הוועדה, בוועדת העבודה והרווחה.
11מופיד מרעי: בצורה פרטנית או מראש?
12נעה בן שבת: הסכמה פרטנית.
13אפרת רייטן: פרטנית. 14 הואיל ומדובר בוועדה מאוד חשובה, אני חושבת שחבר הכנסת אוסאמה סעדי, שכבר עסק בנושא, וכבר היה יו""ר בכנסות הקודמות של הוועדה הזו – גם צבר את הניסיון. 15 גם הנושא הזה, אני יודעת שהוא קרוב לליבך, ואתה דואג באמת בצורה מעוררת הערכה רבה לחיי אדם. 16 גם בתוקף תפקידך כעו""ד, מביא איתך גם עוד הרבה מאוד כישורים ויכולות נוספות שאין לי ספק שהן מסייעות לך לערוך ולקיים את התפקיד הזה בצורה הכי טובה שיכולה להיות. 17 אני באמת סומכת עליך, וכך, חברי הוועדה האחרים. 18 המשימות הן אדירות. 19 ראיתי הבוקר שמתחילת השנה – 457 נפגעים. 20 ו-59 הרוגים, ומתוכם, מתוך ה-59, 33 הרוגים בענף הבנייה. 21 אלה נתונים פשוט קשים. 22 סגן השרה יאיר גולן, אנחנו יודעים שממונה על הנושא הזה מטעם הממשלה, ועושה כמיטב יכולתו לקדם ולשנות דברים. 23 אבל אנחנו צריכים באמת את עבודת הכנסת שתיתן כאן את הטון, גם מבחינת הקידום, האצה של הדברים, הפיקוח. 24 יש כאן עבודה רבה. 25 אני יודעת שכבר יש לך ניסיון, ואני באמת שמחה להציע אותך כיו""ר ועדה. 26 ניגש להצבעה. 27 מי בעד מינויו של חבר הכנסת אוסאמה סעדי, ליו""ר ועדת המשנה, והקמת הוועדה – שירים את ידו.
28אפרת רייטן: בעד – רוב
אפרת רייטן: אושר
אפרת רייטן: פה אחד – 3. 29 אין מתנגדים ואין נמנעים. 30 ברכות, חבר הכנסת אוסאמה סעדי.
31אוסאמה סעדי (יו""ר ועדת משנה לעניין בטיחות בעבודה): תודה. 32 תודה רבה, גברתי היושבת-ראש, באמת, אני מודה על הקמת הוועדה, ועל האמון ועל המלים החמות שאת אמרת בפתיח. 33 באמת, מדובר בסוגיה שחשובה מאוד, שמתייחסת לחיי אדם, ובמקרה הזה, חיי פועלים ועובדים. 34 לגבי המספרים, יש קצת מחלוקת – בין אם זה 64, בין אם זה 59. 35 אבל יותר ממחציתם בענף הבניין, חוץ מאלפי נפגעים. 36 כשמדברים על הרוגים, אז אנחנו שוכחים גם את הנפגעים, ולפעמים הנפגעים – שנינו היינו עורכי דין. 37 כשאתה רואה פועל צעיר שהוא נכה מאה אחוז, זה גם אסון למשפחה ולאיש עצמו. 38 בכנסת הקודמת הייתה לנו ועדה שהצטמצמה לתאונות בענף הבניין. 39 אבל אנחנו רואים חשיבות רבה גם את, גם אני, וגם יתר חברי הוועדה, אנחנו נתייחס באופן רוחבי לכל העניין הזה של הבטיחות בעבודה בכל המקומות - אם זה בניין, בין אם זו תעשייה, ויש הרבה מאוד מה לעשות. 40 לצערנו, התחום הזה היה מופקר בשנים האחרונות. 41 חלק רב מהתקנות כבר פג תוקפן, ולא חודשו. 42 למשל, כל התקנות של הפיגומים. 43 אני יודע שמשרד העבודה וסגן השרה מתכננים רפורמה גדולה, ולכן, אנחנו חייבים פה פיקוח שהרפורמה הזאת תיכנס לתוקף, ושאנחנו ניתן את דעתנו, ושהיא תהיה רפורמה טובה. 44 כמובן, איך שעשינו בכנסת הקודמת, בוועדה הקודמת, עם המנהלת המצוינת, ועם היועצת המשפטית. 45 אנחנו היינו בקשר עם כל הגופים – גם ההסתדרות, וגם האיגודים המקצועיים, וגם העמותות, וגם ארגוני הקבלנים. 46 אנחנו חייבים לשלב ידיים. 47 אפילו אם נציל נפש של פועל אחד - אז עשינו את מלאכתנו. 48 אבל המטרה באמת לצמצם כמה שיותר את הנתונים הזוועתיים בעניין הזה. 49 כמובן, אני כולי מגויס לעניין הזה, ובתיאום מלא איתך, גברתי היושבת-ראש, אנחנו צריכים את העזרה שלך גם בתור יושבת-ראש. 50 אנחנו גם נעשה ביקורים באתרי העבודה, ולראות מקרוב איך מתנהלים העניינים. 51 ולכן, אני מודה לך. 52 כמובן שאנחנו נפשיל שרוולים ונתחיל את העבודה מיד. 53 אנחנו נעשה את התיקון כך שבין הוועדה הכללית לבין ועדת המשנה. 54 תודה לך. 55 וגם לכל החברים שיהיו חברים בוועדת המשנה ונצא לעבודה.
56 אפרת רייטן: נצא לעבודה בבטיחות. 57 תודה רבה. 58 יושב-ראש החדש בוועדת המשנה. 59 חבר הכנסת טיבי, הגעת לברך.
60 אחמד טיבי: אני רוצה לברך על בחירתו של חבר הכנסת אוסאמה סעדי, בחירה מצוינת. 61 הוא היה יו""ר ועדת המשנה בקדנציה הקודמת. 62 הוא, כל כולו נטוע בנושא הזה שזה נושא כואב, במיוחד בחברה הערבית. 63 רוב מוחץ של הנפגעים וההרוגים, הם ערבים. 64 אני רוצה להודות, לך, חברת הכנסת רייטן, יו""ר ועדת העבודה על ההחלטה ועל הבחירה. 65 אני בטוח שאוסאמה יעשה עבודה מצוינת. 66 חייבים לשנות את המציאות הזאת של קיפוח חיי אדם בתאונות שחייבים למנוע אותן. 67 תודה רבה.
68 אפרת רייטן: תודה רבה, חבר הכנסת טיבי. 69 חבר הכנסת מופיד מרעי. 70 בבקשה.
71 מופיד מרעי: בוקר טוב, גברתי היושבת-ראש, מזל טוב, אדוני היושב-ראש החדש של ועדת משנה. 72 נעמוד לרשותך עם כל הניסיון שיש לי. 73 אגב, אני יושב-ראש ועדת חקירה לנפגעי תאונות בצבא, כך שהרקע לבדיקה של תאונות יש. 74 הייתי מנהל אגף בביטוח הלאומי. 75 בכל מקרה, את הידע אני כן שם כאן לפי ההבנה. 76 מה שחשוב כאן מעבר לברכות, ולמזל טוב, וזה מלווה אותנו גם בתאונות בדרכים, גם באלימות וגם לי - התחושה בשטח, וגם כחבר כנסת, ולפני זה בתפקידים הקודמים, שאנחנו מדברים הרבה ועושים פחות. 77 כשאתה בא ובודק את זה כל יום בבוקר, האם יש איזה אירוע בישוב כזה או אחר. 78 אתה אומר לעצמך, אתה יודע מה, עד מתי אנחנו נדבר? 79 עד מתי אנחנו נתכנן, ולא נוציא לפועל? 80 אני אבקש ממך, באמת, מכל הסיוע האפשרי, להיות פרקטיים לעשייה. 81 אם לא נהפוך להיות פרקטיים בעשייה שלנו – לא נוריד את רמת העבודה. 82 יש הרבה הרוגים מתאונות עבודה, כל אחד יודע. 83 הענף הזה לא מסודר. 84 אני תמיד מדבר על ביקורת. 85 גם הייתי איש ביקורת, הייתי ראש צוות ביקורת במערכת. 86 אני אומר, אם לא יהיו הכלים לאכיפה, כלים לענישה טובה, וכלים להתמודד עם הבעיה – לא נתמודד עם הבעיה. 87 נוכל לקיים הרבה מאוד בעיות. 88 אז לכן אנחנו צריכים להיות פרקטיים יותר מאשר להיות תיאורטיים. 89 אני מאמין ומכיר את אוסאמה, גם בתפקידיו הקודמים, מכיר את היכולות שלו. 90 אין ספק שהוא יעשה את זה בצורה טובה. 91 ואני מאמין שבאמת נצליח לקדם משהו. 92 תודה. 93
אפרת רייטן: תודה רבה, חבר הכנסת מרעי. 94 אני חושבת שאתה מקבל פה סיוע אווירי ויבשתי מכולם בוועדה הזאת. 95 הנושא הזה הוא כל כך בלב, ובנפש של כולנו. 96 מאוד מאחלים לך בהצלחה, ורוצים – הצלחתך זו הצלחתנו.
97 אוסאמה סעדי: הצלחתי - הצלחת כולנו.
98 אפרת רייטן: שתצליח בהמשך. 99 אנחנו נקבל ממך עדכונים במהלך העבודה של הוועדה.
100 אחמד טיבי: מהו השם הרשמי של הוועדה?
101 אפרת רייטן: הוועדה לעניין בטיחות בעבודה.
102 אפרת רייטן: בהצלחה. 103 אני נועלת את הישיבה. 104 הישיבה נעולה.",2,מה עושה סגן השרה יאיר גולן במסגרת תפקידו?,,נדרש חיבור והבנת קשר לוגי בין הנאמר ב-22 וב-43.
knesset,"1 אפרת רייטן: בוקר טוב, לחברי ועדת העבודה והרווחה, אנחנו מתכבדים לפתוח את הישיבה הבוקר. 2 היום ה-6 בדצמבר 2021, ב' בטבת, תשפ""ב. 3 הבוקר נדון ונצביע בהצעה להקמת ועדת משנה לעניין בטיחות בעבודה, בעיקר, בדגש בענף הבנייה. 4 החשיבות הגדולה היא באמת להסדיר את כל מה שרלבנטי לבטיחות בעבודה ולגהות. 5 הצעתי היא למנות את חבר הכנסת אוסאמה סעדי, כיו""ר הוועדה, וחברי הכנסת מטעם הוועדה שיכהנו בוועדת המשנה עם חבר הכנסת יצחק פינדרוס, חבר הכנסת מופיד מרעי, חברת הכנסת אלינה ברדץ' יאלוב, חבר הכנסת מאזן גנאים, וחברת הכנסת מיכל רוזין.
6נעה בן שבת: הוועדה יכולה לעסוק בנושאים הקשורים לבטיחות בעבודה. 7 לקיים פיקוח פרלמנטרי, לערוך דיונים יזומים בנושא. 8 היא גם יכולה לדון בהצעות-לסדר יום בדיונים מהירים בנושאים אלה אם יושבת-הראש של הוועדה החליטה להעביר אותם לדיון בה. 9 הם יועברו כמובן לוועדת העבודה והרווחה על-ידי מליאת הכנסת והנשיאות. 10 ועדת המשנה יכולה לדון בהצעות חוק ובתקנות, או חקיקת משנה, רק אם יושבת-ראש מחליטה להעביר אותן אליה, וכמובן, האישור שלהן ייעשה במליאת הוועדה, בוועדת העבודה והרווחה.
11מופיד מרעי: בצורה פרטנית או מראש?
12נעה בן שבת: הסכמה פרטנית.
13אפרת רייטן: פרטנית. 14 הואיל ומדובר בוועדה מאוד חשובה, אני חושבת שחבר הכנסת אוסאמה סעדי, שכבר עסק בנושא, וכבר היה יו""ר בכנסות הקודמות של הוועדה הזו – גם צבר את הניסיון. 15 גם הנושא הזה, אני יודעת שהוא קרוב לליבך, ואתה דואג באמת בצורה מעוררת הערכה רבה לחיי אדם. 16 גם בתוקף תפקידך כעו""ד, מביא איתך גם עוד הרבה מאוד כישורים ויכולות נוספות שאין לי ספק שהן מסייעות לך לערוך ולקיים את התפקיד הזה בצורה הכי טובה שיכולה להיות. 17 אני באמת סומכת עליך, וכך, חברי הוועדה האחרים. 18 המשימות הן אדירות. 19 ראיתי הבוקר שמתחילת השנה – 457 נפגעים. 20 ו-59 הרוגים, ומתוכם, מתוך ה-59, 33 הרוגים בענף הבנייה. 21 אלה נתונים פשוט קשים. 22 סגן השרה יאיר גולן, אנחנו יודעים שממונה על הנושא הזה מטעם הממשלה, ועושה כמיטב יכולתו לקדם ולשנות דברים. 23 אבל אנחנו צריכים באמת את עבודת הכנסת שתיתן כאן את הטון, גם מבחינת הקידום, האצה של הדברים, הפיקוח. 24 יש כאן עבודה רבה. 25 אני יודעת שכבר יש לך ניסיון, ואני באמת שמחה להציע אותך כיו""ר ועדה. 26 ניגש להצבעה. 27 מי בעד מינויו של חבר הכנסת אוסאמה סעדי, ליו""ר ועדת המשנה, והקמת הוועדה – שירים את ידו.
28אפרת רייטן: בעד – רוב
אפרת רייטן: אושר
אפרת רייטן: פה אחד – 3. 29 אין מתנגדים ואין נמנעים. 30 ברכות, חבר הכנסת אוסאמה סעדי.
31אוסאמה סעדי (יו""ר ועדת משנה לעניין בטיחות בעבודה): תודה. 32 תודה רבה, גברתי היושבת-ראש, באמת, אני מודה על הקמת הוועדה, ועל האמון ועל המלים החמות שאת אמרת בפתיח. 33 באמת, מדובר בסוגיה שחשובה מאוד, שמתייחסת לחיי אדם, ובמקרה הזה, חיי פועלים ועובדים. 34 לגבי המספרים, יש קצת מחלוקת – בין אם זה 64, בין אם זה 59. 35 אבל יותר ממחציתם בענף הבניין, חוץ מאלפי נפגעים. 36 כשמדברים על הרוגים, אז אנחנו שוכחים גם את הנפגעים, ולפעמים הנפגעים – שנינו היינו עורכי דין. 37 כשאתה רואה פועל צעיר שהוא נכה מאה אחוז, זה גם אסון למשפחה ולאיש עצמו. 38 בכנסת הקודמת הייתה לנו ועדה שהצטמצמה לתאונות בענף הבניין. 39 אבל אנחנו רואים חשיבות רבה גם את, גם אני, וגם יתר חברי הוועדה, אנחנו נתייחס באופן רוחבי לכל העניין הזה של הבטיחות בעבודה בכל המקומות - אם זה בניין, בין אם זו תעשייה, ויש הרבה מאוד מה לעשות. 40 לצערנו, התחום הזה היה מופקר בשנים האחרונות. 41 חלק רב מהתקנות כבר פג תוקפן, ולא חודשו. 42 למשל, כל התקנות של הפיגומים. 43 אני יודע שמשרד העבודה וסגן השרה מתכננים רפורמה גדולה, ולכן, אנחנו חייבים פה פיקוח שהרפורמה הזאת תיכנס לתוקף, ושאנחנו ניתן את דעתנו, ושהיא תהיה רפורמה טובה. 44 כמובן, איך שעשינו בכנסת הקודמת, בוועדה הקודמת, עם המנהלת המצוינת, ועם היועצת המשפטית. 45 אנחנו היינו בקשר עם כל הגופים – גם ההסתדרות, וגם האיגודים המקצועיים, וגם העמותות, וגם ארגוני הקבלנים. 46 אנחנו חייבים לשלב ידיים. 47 אפילו אם נציל נפש של פועל אחד - אז עשינו את מלאכתנו. 48 אבל המטרה באמת לצמצם כמה שיותר את הנתונים הזוועתיים בעניין הזה. 49 כמובן, אני כולי מגויס לעניין הזה, ובתיאום מלא איתך, גברתי היושבת-ראש, אנחנו צריכים את העזרה שלך גם בתור יושבת-ראש. 50 אנחנו גם נעשה ביקורים באתרי העבודה, ולראות מקרוב איך מתנהלים העניינים. 51 ולכן, אני מודה לך. 52 כמובן שאנחנו נפשיל שרוולים ונתחיל את העבודה מיד. 53 אנחנו נעשה את התיקון כך שבין הוועדה הכללית לבין ועדת המשנה. 54 תודה לך. 55 וגם לכל החברים שיהיו חברים בוועדת המשנה ונצא לעבודה.
56 אפרת רייטן: נצא לעבודה בבטיחות. 57 תודה רבה. 58 יושב-ראש החדש בוועדת המשנה. 59 חבר הכנסת טיבי, הגעת לברך.
60 אחמד טיבי: אני רוצה לברך על בחירתו של חבר הכנסת אוסאמה סעדי, בחירה מצוינת. 61 הוא היה יו""ר ועדת המשנה בקדנציה הקודמת. 62 הוא, כל כולו נטוע בנושא הזה שזה נושא כואב, במיוחד בחברה הערבית. 63 רוב מוחץ של הנפגעים וההרוגים, הם ערבים. 64 אני רוצה להודות, לך, חברת הכנסת רייטן, יו""ר ועדת העבודה על ההחלטה ועל הבחירה. 65 אני בטוח שאוסאמה יעשה עבודה מצוינת. 66 חייבים לשנות את המציאות הזאת של קיפוח חיי אדם בתאונות שחייבים למנוע אותן. 67 תודה רבה.
68 אפרת רייטן: תודה רבה, חבר הכנסת טיבי. 69 חבר הכנסת מופיד מרעי. 70 בבקשה.
71 מופיד מרעי: בוקר טוב, גברתי היושבת-ראש, מזל טוב, אדוני היושב-ראש החדש של ועדת משנה. 72 נעמוד לרשותך עם כל הניסיון שיש לי. 73 אגב, אני יושב-ראש ועדת חקירה לנפגעי תאונות בצבא, כך שהרקע לבדיקה של תאונות יש. 74 הייתי מנהל אגף בביטוח הלאומי. 75 בכל מקרה, את הידע אני כן שם כאן לפי ההבנה. 76 מה שחשוב כאן מעבר לברכות, ולמזל טוב, וזה מלווה אותנו גם בתאונות בדרכים, גם באלימות וגם לי - התחושה בשטח, וגם כחבר כנסת, ולפני זה בתפקידים הקודמים, שאנחנו מדברים הרבה ועושים פחות. 77 כשאתה בא ובודק את זה כל יום בבוקר, האם יש איזה אירוע בישוב כזה או אחר. 78 אתה אומר לעצמך, אתה יודע מה, עד מתי אנחנו נדבר? 79 עד מתי אנחנו נתכנן, ולא נוציא לפועל? 80 אני אבקש ממך, באמת, מכל הסיוע האפשרי, להיות פרקטיים לעשייה. 81 אם לא נהפוך להיות פרקטיים בעשייה שלנו – לא נוריד את רמת העבודה. 82 יש הרבה הרוגים מתאונות עבודה, כל אחד יודע. 83 הענף הזה לא מסודר. 84 אני תמיד מדבר על ביקורת. 85 גם הייתי איש ביקורת, הייתי ראש צוות ביקורת במערכת. 86 אני אומר, אם לא יהיו הכלים לאכיפה, כלים לענישה טובה, וכלים להתמודד עם הבעיה – לא נתמודד עם הבעיה. 87 נוכל לקיים הרבה מאוד בעיות. 88 אז לכן אנחנו צריכים להיות פרקטיים יותר מאשר להיות תיאורטיים. 89 אני מאמין ומכיר את אוסאמה, גם בתפקידיו הקודמים, מכיר את היכולות שלו. 90 אין ספק שהוא יעשה את זה בצורה טובה. 91 ואני מאמין שבאמת נצליח לקדם משהו. 92 תודה. 93
אפרת רייטן: תודה רבה, חבר הכנסת מרעי. 94 אני חושבת שאתה מקבל פה סיוע אווירי ויבשתי מכולם בוועדה הזאת. 95 הנושא הזה הוא כל כך בלב, ובנפש של כולנו. 96 מאוד מאחלים לך בהצלחה, ורוצים – הצלחתך זו הצלחתנו.
97 אוסאמה סעדי: הצלחתי - הצלחת כולנו.
98 אפרת רייטן: שתצליח בהמשך. 99 אנחנו נקבל ממך עדכונים במהלך העבודה של הוועדה.
100 אחמד טיבי: מהו השם הרשמי של הוועדה?
101 אפרת רייטן: הוועדה לעניין בטיחות בעבודה.
102 אפרת רייטן: בהצלחה. 103 אני נועלת את הישיבה. 104 הישיבה נעולה.",3,מה תהיה תוכנית העבודה של הוועדה כפי שאפשר להסיק מדברי החברים בה?,,"נדרש סינתוז של הנאמר ע״י רייטן (13-24), סעדי (31-50) ומרעי (71-88) בהרבה מקומות שונים, (תוך סינון הדוברים האחרים שאינם חברי הועדה כפי שמוסבר ב-5), ומתוכם לסנתז מסקנות ברורות, להבין קשרי סיבה ותוצאה בין הרצוי והמצוי, לאחד רעיונות שחוזרים על עצמם, ולהציע תוכנית פעולה."
wiki,"1 מועדון הוא התאגדות של קבוצת אנשים שחולקים עניין משותף או מטרה משותפת. 2 קיימים מועדונים לתחביבים, לספורט, לפעילויות חברתיות, פוליטיות או דתיות וכדומה. 
3 == היסטוריה ==
המועדונים הראשונים שהתקיימו בצורה המוכרת כיום, היו באנגליה, ושימשו להתקבצות במרווחי זמן קבועים כדי לסעוד או לשתות יחד. 4 האזכור המוקדם ביותר לכזה מועדון הוא של המשורר האנגלי תומאס הוקלבה (Thomas Hoccleve;‏ 1368–1426) שסיפר על ""מושב החברה הטובה"", בו היה חבר. 5 ב-1659 כתב ג'ון אוברי (John Aubrey;‏ 1626-1697) על מועדון כזה תוך שימוש במילה מועדון (Club). 6 בתקופה מאוחרת יותר, אחד המועדונים הידועים ביותר היה בלונדון ונקרא על שם רחוב ברד (Bread Street) בו נפגשו חבריו ב""פונדק בת הים"" ביום שישי הראשון בכל חודש. 7 ג'ון סלדן, ג'ון דאן, ג'ון פלטשר ופרנסיס בומונט ואולי גם ויליאם שייקספיר ווולטר ראלי. 8 מועדון דומה נוסד בלונדון על ידי בן ג'ונסון ב""פונדק השטן"".
9 עם התרחבות תפוצת בתי הקפה באירופה, באמצע המאה ה-17, החלו גם המועדונים להיות נפוצים יותר. 10 הם התקיימו בעיקר למטרות חוגים ספרותיים, פוליטיים וחוגי דיבייט. 11 המאפיינים של המועדונים ההם היו: אי קיום קשר כספי בין החברים וכל חבר היה אחראי לשלם על ההוצאות הקשורות בו, ומאפיין נוסף היה אי החזקת מבנה לצורך המפגשים, או אף קביעת מקום קבוע, אם כי מועדונים רבים נהגו להיפגש בבית קפה או פונדק מסוימים. 12 מועדונים ובתי קפה אלה הפכו במהרה למקלט לשערוריות שונות וב-1675 הורה צ'ארלס השני, מלך אנגליה על סגירת בתי הקפה ברחבי הממלכה בגלל פגיעתם לשלום ולשלווה ברחבי הממלכה. 13 ההוראה לא התקבלה בעין יפה על ידי הציבור והיא בוטלה לאחר זמן לא רב. 14 בימי שלטונה של אן, מלכת בריטניה היו מועדוני בית הקפה חלק חשוב בחיי החברה של אנגליה.
15 במאה ה-18 וה-19 התפתחו המועדונים האנגלים לשני כיוונים. 16 סוג אחד הפך למועדון בעל מבנה קבע שירש את תחום הדיור מהפונדק הוותיק. 17 במועדון מסוג זה התגוררו חברים קבועים, שאורח חייהם גרם להם לחיות בערים שונות רוב השנה והם חזרו לעיר המרכזית לתקופה מסוימת. 18 חברי מועדון אלו היו בדרך כלל קציני צבא וצי, עורכי דין, שופטים, חברי פרלמנט ואנשי ממשל שנסעו בין ערי האימפריה הבריטית. 19 אלו התפתחו למועדונים הידועים בשם הכולל ""מועדון גברים"" (Gentlemen's club) כיוון שהם היו מיועדים לגברים בלבד. 20 המועדון היה מיועד גם למקומיים והעניק לגברים הרווקים תחליף לבית המשפחה, אם מפאת ריחוק ואם כדי להתנתק לזמן מה מהשגרה היומיומית, יתרון שמשך אליו גם גברים נשואים. 21 הפעילות במועדונים אלו כללו מלבד מגורים, בעיקר בסיס לפעילות חברתית כגון עישון משותף, רכילות, קריאת ספרים ועיתונים, משחקי קלפים והחלפת דעות.
22 בשלב מסוים הייתה חברות במועדון מעין מעמד חברתי וכל גבר שהחשיב את עצמו ג'נטלמן, שאף להתקבל למועדון כזה. 23 כתוצאה מכך, גדל הביקוש לחברות במועדונים ונוצרו תנאי הצטרפות שיש לעמוד בהם כדי להתקבל כחבר. 24 כך נוצרו מעמדות של מועדונים שבסופו של דבר יכל כל אדם למצוא לעצמו מקום באחד מהם, בהתאם למעמדו ולקשריו החברתיים. 25 תופעה זו התרחבה כל כך, עד שיצרה מילה באנגלית כדי לתאר אדם שלא יכול להתקבל לשום מועדון - ""Unclubbable"", מילה שמשמשת בהוראתה הכללית לתאר אדם שאינו מקובל חברתית. 26 כחלק מתנאי הקבלה של מועדונים מיוחדים או יוקרתיים ניתן למצוא את קריטריון הקבלה של ""המועדון הקלדוני"" בלונדון שמאפשר רק לאנשים בעלי זיקה ברורה לסקוטלנד להתקבל אליו. 27 מועדון המטיילים בלונדון קבע שרק אנשים שנסעו מחוץ לאיים הבריטיים למרחק 500 מיל בקו ישר, יכולים להצטרף אליו. 28 באוניברסיטאות קיימים מועדונים שחברים בהם רק תלמידים בהווה ובעבר. 29 מועדונים אחרים שרוצים לשמור על רמת החברים בהם, נוהגים לגבות דמי חבר גבוהים או לספק ביוקר את השירותים הקיימים בהם. 
30מועדוני גברים מופיעים רבות בספרות, בעיקר של סופרים אנגלים או כאלו העוסקים באנגלים, כגון מועדון הפיקוויקים, מסביב לעולם בשמונים יום, ספרי ג'יימס בונד וספריו של פ. ג. וודהאוס.
33 הסוג השני שהתפתח באותה עת, היה מועדון חברתי שבו חברים בעלי עניין או תחביב משותף התכנסו במועדים קבועים, לא תמיד במבנה מיוחד. 34 מועדונים כאלו היו לאתלטיקה, ספורט ובילוי, טיפוס הרים (בעיקר הרי האלפים), שחמט, יאכטות ועוד. 35 מועדונים אחרים מסוג זה היו מועדונים ספרותיים, מוזיקאים ואמנותיים.
36 המועדון התפשט תחילה ברחבי הארצות דוברות האנגלית כדוגמת סקוטלנד שבה מרבית חברי ההשכלה הסקוטית היו חברי ""מועדון הפוקר"" שבאדינבורו. 37 בארצות הברית נוסדו מועדונים לאחר מלחמת העצמאות, כשהראשון שבהם היה Hoboken Turtle Club, שקיים עד היום בניו ג'רזי. 38 בהודו ובפקיסטן נקראים מועדונים אלו ג'ימאקאנה (Gymkhana). 39 באירופה עצמה הוקמו מועדונים, בעיקר פוליטיים, במאה ה-19 באוסטריה, בגרמניה ובצרפת. 40 בצרפת הם צברו כח רב לאחר המהפכה הצרפתית והיו למייסדיהן של תנועות כגון המועדון היעקוביני. 
",0,איך השפיעה התרחבות בתי הקפה באירופה על תפוצת המועדנים?,,"מבוסס על שורה 9. נאמר שם כעובדה, אך אין הסבר בטקסט לאיך זה קרה."
wiki,"1 מועדון הוא התאגדות של קבוצת אנשים שחולקים עניין משותף או מטרה משותפת. 2 קיימים מועדונים לתחביבים, לספורט, לפעילויות חברתיות, פוליטיות או דתיות וכדומה. 
3 == היסטוריה ==
המועדונים הראשונים שהתקיימו בצורה המוכרת כיום, היו באנגליה, ושימשו להתקבצות במרווחי זמן קבועים כדי לסעוד או לשתות יחד. 4 האזכור המוקדם ביותר לכזה מועדון הוא של המשורר האנגלי תומאס הוקלבה (Thomas Hoccleve;‏ 1368–1426) שסיפר על ""מושב החברה הטובה"", בו היה חבר. 5 ב-1659 כתב ג'ון אוברי (John Aubrey;‏ 1626-1697) על מועדון כזה תוך שימוש במילה מועדון (Club). 6 בתקופה מאוחרת יותר, אחד המועדונים הידועים ביותר היה בלונדון ונקרא על שם רחוב ברד (Bread Street) בו נפגשו חבריו ב""פונדק בת הים"" ביום שישי הראשון בכל חודש. 7 ג'ון סלדן, ג'ון דאן, ג'ון פלטשר ופרנסיס בומונט ואולי גם ויליאם שייקספיר ווולטר ראלי. 8 מועדון דומה נוסד בלונדון על ידי בן ג'ונסון ב""פונדק השטן"".
9 עם התרחבות תפוצת בתי הקפה באירופה, באמצע המאה ה-17, החלו גם המועדונים להיות נפוצים יותר. 10 הם התקיימו בעיקר למטרות חוגים ספרותיים, פוליטיים וחוגי דיבייט. 11 המאפיינים של המועדונים ההם היו: אי קיום קשר כספי בין החברים וכל חבר היה אחראי לשלם על ההוצאות הקשורות בו, ומאפיין נוסף היה אי החזקת מבנה לצורך המפגשים, או אף קביעת מקום קבוע, אם כי מועדונים רבים נהגו להיפגש בבית קפה או פונדק מסוימים. 12 מועדונים ובתי קפה אלה הפכו במהרה למקלט לשערוריות שונות וב-1675 הורה צ'ארלס השני, מלך אנגליה על סגירת בתי הקפה ברחבי הממלכה בגלל פגיעתם לשלום ולשלווה ברחבי הממלכה. 13 ההוראה לא התקבלה בעין יפה על ידי הציבור והיא בוטלה לאחר זמן לא רב. 14 בימי שלטונה של אן, מלכת בריטניה היו מועדוני בית הקפה חלק חשוב בחיי החברה של אנגליה.
15 במאה ה-18 וה-19 התפתחו המועדונים האנגלים לשני כיוונים. 16 סוג אחד הפך למועדון בעל מבנה קבע שירש את תחום הדיור מהפונדק הוותיק. 17 במועדון מסוג זה התגוררו חברים קבועים, שאורח חייהם גרם להם לחיות בערים שונות רוב השנה והם חזרו לעיר המרכזית לתקופה מסוימת. 18 חברי מועדון אלו היו בדרך כלל קציני צבא וצי, עורכי דין, שופטים, חברי פרלמנט ואנשי ממשל שנסעו בין ערי האימפריה הבריטית. 19 אלו התפתחו למועדונים הידועים בשם הכולל ""מועדון גברים"" (Gentlemen's club) כיוון שהם היו מיועדים לגברים בלבד. 20 המועדון היה מיועד גם למקומיים והעניק לגברים הרווקים תחליף לבית המשפחה, אם מפאת ריחוק ואם כדי להתנתק לזמן מה מהשגרה היומיומית, יתרון שמשך אליו גם גברים נשואים. 21 הפעילות במועדונים אלו כללו מלבד מגורים, בעיקר בסיס לפעילות חברתית כגון עישון משותף, רכילות, קריאת ספרים ועיתונים, משחקי קלפים והחלפת דעות.
22 בשלב מסוים הייתה חברות במועדון מעין מעמד חברתי וכל גבר שהחשיב את עצמו ג'נטלמן, שאף להתקבל למועדון כזה. 23 כתוצאה מכך, גדל הביקוש לחברות במועדונים ונוצרו תנאי הצטרפות שיש לעמוד בהם כדי להתקבל כחבר. 24 כך נוצרו מעמדות של מועדונים שבסופו של דבר יכל כל אדם למצוא לעצמו מקום באחד מהם, בהתאם למעמדו ולקשריו החברתיים. 25 תופעה זו התרחבה כל כך, עד שיצרה מילה באנגלית כדי לתאר אדם שלא יכול להתקבל לשום מועדון - ""Unclubbable"", מילה שמשמשת בהוראתה הכללית לתאר אדם שאינו מקובל חברתית. 26 כחלק מתנאי הקבלה של מועדונים מיוחדים או יוקרתיים ניתן למצוא את קריטריון הקבלה של ""המועדון הקלדוני"" בלונדון שמאפשר רק לאנשים בעלי זיקה ברורה לסקוטלנד להתקבל אליו. 27 מועדון המטיילים בלונדון קבע שרק אנשים שנסעו מחוץ לאיים הבריטיים למרחק 500 מיל בקו ישר, יכולים להצטרף אליו. 28 באוניברסיטאות קיימים מועדונים שחברים בהם רק תלמידים בהווה ובעבר. 29 מועדונים אחרים שרוצים לשמור על רמת החברים בהם, נוהגים לגבות דמי חבר גבוהים או לספק ביוקר את השירותים הקיימים בהם. 
30מועדוני גברים מופיעים רבות בספרות, בעיקר של סופרים אנגלים או כאלו העוסקים באנגלים, כגון מועדון הפיקוויקים, מסביב לעולם בשמונים יום, ספרי ג'יימס בונד וספריו של פ. ג. וודהאוס.
33 הסוג השני שהתפתח באותה עת, היה מועדון חברתי שבו חברים בעלי עניין או תחביב משותף התכנסו במועדים קבועים, לא תמיד במבנה מיוחד. 34 מועדונים כאלו היו לאתלטיקה, ספורט ובילוי, טיפוס הרים (בעיקר הרי האלפים), שחמט, יאכטות ועוד. 35 מועדונים אחרים מסוג זה היו מועדונים ספרותיים, מוזיקאים ואמנותיים.
36 המועדון התפשט תחילה ברחבי הארצות דוברות האנגלית כדוגמת סקוטלנד שבה מרבית חברי ההשכלה הסקוטית היו חברי ""מועדון הפוקר"" שבאדינבורו. 37 בארצות הברית נוסדו מועדונים לאחר מלחמת העצמאות, כשהראשון שבהם היה Hoboken Turtle Club, שקיים עד היום בניו ג'רזי. 38 בהודו ובפקיסטן נקראים מועדונים אלו ג'ימאקאנה (Gymkhana). 39 באירופה עצמה הוקמו מועדונים, בעיקר פוליטיים, במאה ה-19 באוסטריה, בגרמניה ובצרפת. 40 בצרפת הם צברו כח רב לאחר המהפכה הצרפתית והיו למייסדיהן של תנועות כגון המועדון היעקוביני. 
",1,אילו דוגמאות יש ליצירות ספרותיות שעוסקות במועדוני גברים?,,שליפה ממשפט 30.
wiki,"1 מועדון הוא התאגדות של קבוצת אנשים שחולקים עניין משותף או מטרה משותפת. 2 קיימים מועדונים לתחביבים, לספורט, לפעילויות חברתיות, פוליטיות או דתיות וכדומה. 
3 == היסטוריה ==
המועדונים הראשונים שהתקיימו בצורה המוכרת כיום, היו באנגליה, ושימשו להתקבצות במרווחי זמן קבועים כדי לסעוד או לשתות יחד. 4 האזכור המוקדם ביותר לכזה מועדון הוא של המשורר האנגלי תומאס הוקלבה (Thomas Hoccleve;‏ 1368–1426) שסיפר על ""מושב החברה הטובה"", בו היה חבר. 5 ב-1659 כתב ג'ון אוברי (John Aubrey;‏ 1626-1697) על מועדון כזה תוך שימוש במילה מועדון (Club). 6 בתקופה מאוחרת יותר, אחד המועדונים הידועים ביותר היה בלונדון ונקרא על שם רחוב ברד (Bread Street) בו נפגשו חבריו ב""פונדק בת הים"" ביום שישי הראשון בכל חודש. 7 ג'ון סלדן, ג'ון דאן, ג'ון פלטשר ופרנסיס בומונט ואולי גם ויליאם שייקספיר ווולטר ראלי. 8 מועדון דומה נוסד בלונדון על ידי בן ג'ונסון ב""פונדק השטן"".
9 עם התרחבות תפוצת בתי הקפה באירופה, באמצע המאה ה-17, החלו גם המועדונים להיות נפוצים יותר. 10 הם התקיימו בעיקר למטרות חוגים ספרותיים, פוליטיים וחוגי דיבייט. 11 המאפיינים של המועדונים ההם היו: אי קיום קשר כספי בין החברים וכל חבר היה אחראי לשלם על ההוצאות הקשורות בו, ומאפיין נוסף היה אי החזקת מבנה לצורך המפגשים, או אף קביעת מקום קבוע, אם כי מועדונים רבים נהגו להיפגש בבית קפה או פונדק מסוימים. 12 מועדונים ובתי קפה אלה הפכו במהרה למקלט לשערוריות שונות וב-1675 הורה צ'ארלס השני, מלך אנגליה על סגירת בתי הקפה ברחבי הממלכה בגלל פגיעתם לשלום ולשלווה ברחבי הממלכה. 13 ההוראה לא התקבלה בעין יפה על ידי הציבור והיא בוטלה לאחר זמן לא רב. 14 בימי שלטונה של אן, מלכת בריטניה היו מועדוני בית הקפה חלק חשוב בחיי החברה של אנגליה.
15 במאה ה-18 וה-19 התפתחו המועדונים האנגלים לשני כיוונים. 16 סוג אחד הפך למועדון בעל מבנה קבע שירש את תחום הדיור מהפונדק הוותיק. 17 במועדון מסוג זה התגוררו חברים קבועים, שאורח חייהם גרם להם לחיות בערים שונות רוב השנה והם חזרו לעיר המרכזית לתקופה מסוימת. 18 חברי מועדון אלו היו בדרך כלל קציני צבא וצי, עורכי דין, שופטים, חברי פרלמנט ואנשי ממשל שנסעו בין ערי האימפריה הבריטית. 19 אלו התפתחו למועדונים הידועים בשם הכולל ""מועדון גברים"" (Gentlemen's club) כיוון שהם היו מיועדים לגברים בלבד. 20 המועדון היה מיועד גם למקומיים והעניק לגברים הרווקים תחליף לבית המשפחה, אם מפאת ריחוק ואם כדי להתנתק לזמן מה מהשגרה היומיומית, יתרון שמשך אליו גם גברים נשואים. 21 הפעילות במועדונים אלו כללו מלבד מגורים, בעיקר בסיס לפעילות חברתית כגון עישון משותף, רכילות, קריאת ספרים ועיתונים, משחקי קלפים והחלפת דעות.
22 בשלב מסוים הייתה חברות במועדון מעין מעמד חברתי וכל גבר שהחשיב את עצמו ג'נטלמן, שאף להתקבל למועדון כזה. 23 כתוצאה מכך, גדל הביקוש לחברות במועדונים ונוצרו תנאי הצטרפות שיש לעמוד בהם כדי להתקבל כחבר. 24 כך נוצרו מעמדות של מועדונים שבסופו של דבר יכל כל אדם למצוא לעצמו מקום באחד מהם, בהתאם למעמדו ולקשריו החברתיים. 25 תופעה זו התרחבה כל כך, עד שיצרה מילה באנגלית כדי לתאר אדם שלא יכול להתקבל לשום מועדון - ""Unclubbable"", מילה שמשמשת בהוראתה הכללית לתאר אדם שאינו מקובל חברתית. 26 כחלק מתנאי הקבלה של מועדונים מיוחדים או יוקרתיים ניתן למצוא את קריטריון הקבלה של ""המועדון הקלדוני"" בלונדון שמאפשר רק לאנשים בעלי זיקה ברורה לסקוטלנד להתקבל אליו. 27 מועדון המטיילים בלונדון קבע שרק אנשים שנסעו מחוץ לאיים הבריטיים למרחק 500 מיל בקו ישר, יכולים להצטרף אליו. 28 באוניברסיטאות קיימים מועדונים שחברים בהם רק תלמידים בהווה ובעבר. 29 מועדונים אחרים שרוצים לשמור על רמת החברים בהם, נוהגים לגבות דמי חבר גבוהים או לספק ביוקר את השירותים הקיימים בהם. 
30מועדוני גברים מופיעים רבות בספרות, בעיקר של סופרים אנגלים או כאלו העוסקים באנגלים, כגון מועדון הפיקוויקים, מסביב לעולם בשמונים יום, ספרי ג'יימס בונד וספריו של פ. ג. וודהאוס.
33 הסוג השני שהתפתח באותה עת, היה מועדון חברתי שבו חברים בעלי עניין או תחביב משותף התכנסו במועדים קבועים, לא תמיד במבנה מיוחד. 34 מועדונים כאלו היו לאתלטיקה, ספורט ובילוי, טיפוס הרים (בעיקר הרי האלפים), שחמט, יאכטות ועוד. 35 מועדונים אחרים מסוג זה היו מועדונים ספרותיים, מוזיקאים ואמנותיים.
36 המועדון התפשט תחילה ברחבי הארצות דוברות האנגלית כדוגמת סקוטלנד שבה מרבית חברי ההשכלה הסקוטית היו חברי ""מועדון הפוקר"" שבאדינבורו. 37 בארצות הברית נוסדו מועדונים לאחר מלחמת העצמאות, כשהראשון שבהם היה Hoboken Turtle Club, שקיים עד היום בניו ג'רזי. 38 בהודו ובפקיסטן נקראים מועדונים אלו ג'ימאקאנה (Gymkhana). 39 באירופה עצמה הוקמו מועדונים, בעיקר פוליטיים, במאה ה-19 באוסטריה, בגרמניה ובצרפת. 40 בצרפת הם צברו כח רב לאחר המהפכה הצרפתית והיו למייסדיהן של תנועות כגון המועדון היעקוביני. 
",2,לאילו שני סוגים התפתחו המועדונים באנגליה?,,חיבור והשוואה של משפטים 16-17 עם משפט 33.
wiki,"1 מועדון הוא התאגדות של קבוצת אנשים שחולקים עניין משותף או מטרה משותפת. 2 קיימים מועדונים לתחביבים, לספורט, לפעילויות חברתיות, פוליטיות או דתיות וכדומה. 
3 == היסטוריה ==
המועדונים הראשונים שהתקיימו בצורה המוכרת כיום, היו באנגליה, ושימשו להתקבצות במרווחי זמן קבועים כדי לסעוד או לשתות יחד. 4 האזכור המוקדם ביותר לכזה מועדון הוא של המשורר האנגלי תומאס הוקלבה (Thomas Hoccleve;‏ 1368–1426) שסיפר על ""מושב החברה הטובה"", בו היה חבר. 5 ב-1659 כתב ג'ון אוברי (John Aubrey;‏ 1626-1697) על מועדון כזה תוך שימוש במילה מועדון (Club). 6 בתקופה מאוחרת יותר, אחד המועדונים הידועים ביותר היה בלונדון ונקרא על שם רחוב ברד (Bread Street) בו נפגשו חבריו ב""פונדק בת הים"" ביום שישי הראשון בכל חודש. 7 ג'ון סלדן, ג'ון דאן, ג'ון פלטשר ופרנסיס בומונט ואולי גם ויליאם שייקספיר ווולטר ראלי. 8 מועדון דומה נוסד בלונדון על ידי בן ג'ונסון ב""פונדק השטן"".
9 עם התרחבות תפוצת בתי הקפה באירופה, באמצע המאה ה-17, החלו גם המועדונים להיות נפוצים יותר. 10 הם התקיימו בעיקר למטרות חוגים ספרותיים, פוליטיים וחוגי דיבייט. 11 המאפיינים של המועדונים ההם היו: אי קיום קשר כספי בין החברים וכל חבר היה אחראי לשלם על ההוצאות הקשורות בו, ומאפיין נוסף היה אי החזקת מבנה לצורך המפגשים, או אף קביעת מקום קבוע, אם כי מועדונים רבים נהגו להיפגש בבית קפה או פונדק מסוימים. 12 מועדונים ובתי קפה אלה הפכו במהרה למקלט לשערוריות שונות וב-1675 הורה צ'ארלס השני, מלך אנגליה על סגירת בתי הקפה ברחבי הממלכה בגלל פגיעתם לשלום ולשלווה ברחבי הממלכה. 13 ההוראה לא התקבלה בעין יפה על ידי הציבור והיא בוטלה לאחר זמן לא רב. 14 בימי שלטונה של אן, מלכת בריטניה היו מועדוני בית הקפה חלק חשוב בחיי החברה של אנגליה.
15 במאה ה-18 וה-19 התפתחו המועדונים האנגלים לשני כיוונים. 16 סוג אחד הפך למועדון בעל מבנה קבע שירש את תחום הדיור מהפונדק הוותיק. 17 במועדון מסוג זה התגוררו חברים קבועים, שאורח חייהם גרם להם לחיות בערים שונות רוב השנה והם חזרו לעיר המרכזית לתקופה מסוימת. 18 חברי מועדון אלו היו בדרך כלל קציני צבא וצי, עורכי דין, שופטים, חברי פרלמנט ואנשי ממשל שנסעו בין ערי האימפריה הבריטית. 19 אלו התפתחו למועדונים הידועים בשם הכולל ""מועדון גברים"" (Gentlemen's club) כיוון שהם היו מיועדים לגברים בלבד. 20 המועדון היה מיועד גם למקומיים והעניק לגברים הרווקים תחליף לבית המשפחה, אם מפאת ריחוק ואם כדי להתנתק לזמן מה מהשגרה היומיומית, יתרון שמשך אליו גם גברים נשואים. 21 הפעילות במועדונים אלו כללו מלבד מגורים, בעיקר בסיס לפעילות חברתית כגון עישון משותף, רכילות, קריאת ספרים ועיתונים, משחקי קלפים והחלפת דעות.
22 בשלב מסוים הייתה חברות במועדון מעין מעמד חברתי וכל גבר שהחשיב את עצמו ג'נטלמן, שאף להתקבל למועדון כזה. 23 כתוצאה מכך, גדל הביקוש לחברות במועדונים ונוצרו תנאי הצטרפות שיש לעמוד בהם כדי להתקבל כחבר. 24 כך נוצרו מעמדות של מועדונים שבסופו של דבר יכל כל אדם למצוא לעצמו מקום באחד מהם, בהתאם למעמדו ולקשריו החברתיים. 25 תופעה זו התרחבה כל כך, עד שיצרה מילה באנגלית כדי לתאר אדם שלא יכול להתקבל לשום מועדון - ""Unclubbable"", מילה שמשמשת בהוראתה הכללית לתאר אדם שאינו מקובל חברתית. 26 כחלק מתנאי הקבלה של מועדונים מיוחדים או יוקרתיים ניתן למצוא את קריטריון הקבלה של ""המועדון הקלדוני"" בלונדון שמאפשר רק לאנשים בעלי זיקה ברורה לסקוטלנד להתקבל אליו. 27 מועדון המטיילים בלונדון קבע שרק אנשים שנסעו מחוץ לאיים הבריטיים למרחק 500 מיל בקו ישר, יכולים להצטרף אליו. 28 באוניברסיטאות קיימים מועדונים שחברים בהם רק תלמידים בהווה ובעבר. 29 מועדונים אחרים שרוצים לשמור על רמת החברים בהם, נוהגים לגבות דמי חבר גבוהים או לספק ביוקר את השירותים הקיימים בהם. 
30מועדוני גברים מופיעים רבות בספרות, בעיקר של סופרים אנגלים או כאלו העוסקים באנגלים, כגון מועדון הפיקוויקים, מסביב לעולם בשמונים יום, ספרי ג'יימס בונד וספריו של פ. ג. וודהאוס.
33 הסוג השני שהתפתח באותה עת, היה מועדון חברתי שבו חברים בעלי עניין או תחביב משותף התכנסו במועדים קבועים, לא תמיד במבנה מיוחד. 34 מועדונים כאלו היו לאתלטיקה, ספורט ובילוי, טיפוס הרים (בעיקר הרי האלפים), שחמט, יאכטות ועוד. 35 מועדונים אחרים מסוג זה היו מועדונים ספרותיים, מוזיקאים ואמנותיים.
36 המועדון התפשט תחילה ברחבי הארצות דוברות האנגלית כדוגמת סקוטלנד שבה מרבית חברי ההשכלה הסקוטית היו חברי ""מועדון הפוקר"" שבאדינבורו. 37 בארצות הברית נוסדו מועדונים לאחר מלחמת העצמאות, כשהראשון שבהם היה Hoboken Turtle Club, שקיים עד היום בניו ג'רזי. 38 בהודו ובפקיסטן נקראים מועדונים אלו ג'ימאקאנה (Gymkhana). 39 באירופה עצמה הוקמו מועדונים, בעיקר פוליטיים, במאה ה-19 באוסטריה, בגרמניה ובצרפת. 40 בצרפת הם צברו כח רב לאחר המהפכה הצרפתית והיו למייסדיהן של תנועות כגון המועדון היעקוביני. 
",3,מה הם 2-3 הדברים העיקריים שעושים במועדונים?,,"נדרשת סינתזה רחבה של שלל פרטים מרחבי המסמך, ושקילה של מי מהם משמעותי יותר או פחות."
wiki,"1 קפיטליזם מדיני הוא מערכת כלכלית שבה המדינה מתחייבת בפעילות כלכלית מסחרית (כלומר, למטרות רווחיות), כאשר אמצעי הייצור מאורגנים ומנוהלים כמפעלים עסקיים בבעלות המדינה (כולל תהליכי צבירת הון, עבודה בשכר ניהול ריכוזי), או כאשר קיימת דומיננטיות אחרת של רשויות ממשלתיות (סוכנויות המאורגנות על פי נוהלי ניהול עסקים) או של תאגידים הרשומים לציבור, בהם המדינה שולטת במניות.
2 הספרות המרקסיסטית מגדירה את הקפיטליזם של המדינה כמערכת חברתית המשלבת קפיטליזם - מערכת השכר של ייצור והפקעת ערך עודף - בעלות או בשליטה על ידי מדינה; לפי הגדרה זו, מדינה קפיטליסטית ממלכתית היא מדינה שבה השלטון שולט בכלכלה, ופועל למעשה כחברה ענקית אחת, תוך הפקת ערך עודף מכוח העבודה לצורך השקעתה בהפקה נוספת. 3 ייעוד זה חל ללא תלות במטרות המדיניות של המדינה (גם אם המדינה היא סוציאליסטית), דבר שהוביל להעלאת טיעונים לכך כי הרפובליקה העממית של סין המודרנית היא סוג של קפיטליזם ממלכתי, או לחלופין לטיעונים כי ברית המועצות נכשלה במטרה להקים סוציאליזם, אלא הקימה קפיטליזם ממלכתי.
4 מונח זה שימש לעיתים קרובות לתיאור הכלכלות הנשלטות של המעצמות הגדולות בזמן מלחמת העולם הראשונה. 5 גם הקפיטליזם המדיני מתייחס למערכת כלכלית שבה אמצעי הייצור נמצאים בבעלות פרטית, אך למדינה יש שליטה ניכרת על הקצאת האשראי וההשקעה, כמו במקרה של צרפת בתקופה של דיריגיזם לאחר מלחמת העולם השנייה. 6 ניתן להשתמש בקפיטליזם המדיני (לעיתים בחילופין עם הקפיטליזם המונופוליסטי של המדינה) כדי לתאר מערכת שבה המדינה מתערבת במשק כדי להגן על האינטרסים של עסקים בקנה מידה גדול ולקדם אותם; נועם חומסקי, סוציאליסט, מיישם את המונח ""קפיטליזם מדיני"" לכלכלות כמו זו של ארצות הברית, שבה ארגונים גדולים הנחשבים ""גדולים מכדי להיכשל"" מקבלים מימון ממשלתי שממומן על ידי הציבור, ומפחית את הנחת הסיכון של החברות ומערער חוקי השוק, ובמקומות בהם המדינה מממנת בעיקר את הייצור הפרטי על חשבון הציבור, אך הבעלים הפרטיים מקוצרים את הרווחים.
7 ישנן תאוריות וביקורות שונות על הקפיטליזם של המדינה, שחלקן היו קיימות לפני מהפכת אוקטובר 1917. 8 הנושאים המשותפים ביניהם מזהים כי העובדים אינם שולטים באופן משמעותי באמצעי הייצור ומגלים כי יחסי הסחורות וההפקה למטרות רווח עדיין מתרחשים בתוך הקפיטליזם של המדינה. 9 ולדימיר לנין תיאר את הכלכלה של האימפריה הרוסית כקפיטליזם של המדינה. 10 פרידריך אנגלס, בסוציאליזם: אוטופי ומדעי (1880), טען כי בעלות המדינה אינה מבטלת את הקפיטליזם כשלעצמה, אלא היא השלב הסופי של הקפיטליזם, המורכב מבעלות וניהול של ייצור ותקשורת בקנה מידה גדול בורגנית. 11 הוא טען כי הכלים להפסקת הקפיטליזם נמצאים בקפיטליזם של המדינה. 
12 == מקורות ושימושים מוקדמים של המונח == 
13 המונח שימש לראשונה על ידי וילהלם ליבקנכט ב-1896, שאמר: ""איש לא נלחם בסוציאליזם של המדינה יותר מכפי שאנחנו הסוציאליסטים הגרמניים, אף אחד לא גילה באופן מובהק יותר ממני, כי הסוציאליזם הממלכתי הוא באמת קפיטליזם ממלכתי!""
יש הטוענים כי מושג הקפיטליזם הממלכתי ניתן לייחס לביקורתו של מיכאיל באקונין במהלך האינטרנציונל הראשון של הפוטנציאל שאותה ביקר כניצול של המדינה תחת הסוציאליזם בהשראת המרקסיזם, או לטיעון של יאן ווקלב מאג'אסקי ב""אינטלקטואל וורקר"" ב-1905, כי הסוציאליזם הוא תנועה של האינטליגנציה כמעמד, וכתוצאה מכך סוג חדש של חברה הוא כינה קפיטליזם ממלכתי. 14 עבור האנרכיסטים, הסוציאליזם הממלכתי שווה לקפיטליזם של המדינה, ומכאן דיכוי ורק מעבר מקפיטליסטים פרטיים למדינה, המעסיק היחיד והקפיטליסטי. 
",0,באיזו מדינה שולטת מפלגה שמגדירה את עצמה כתומכת בקפיטליזם מדיני?,,"במשפטים כמו 3- ו-6 מוזכרות מדינות, אך לא מוזכרות מפלגות, והטיעונים מובאים ע״י אנשים אחרים ולא ע״י המפלגות עצמן."
wiki,"1 קפיטליזם מדיני הוא מערכת כלכלית שבה המדינה מתחייבת בפעילות כלכלית מסחרית (כלומר, למטרות רווחיות), כאשר אמצעי הייצור מאורגנים ומנוהלים כמפעלים עסקיים בבעלות המדינה (כולל תהליכי צבירת הון, עבודה בשכר ניהול ריכוזי), או כאשר קיימת דומיננטיות אחרת של רשויות ממשלתיות (סוכנויות המאורגנות על פי נוהלי ניהול עסקים) או של תאגידים הרשומים לציבור, בהם המדינה שולטת במניות.
2 הספרות המרקסיסטית מגדירה את הקפיטליזם של המדינה כמערכת חברתית המשלבת קפיטליזם - מערכת השכר של ייצור והפקעת ערך עודף - בעלות או בשליטה על ידי מדינה; לפי הגדרה זו, מדינה קפיטליסטית ממלכתית היא מדינה שבה השלטון שולט בכלכלה, ופועל למעשה כחברה ענקית אחת, תוך הפקת ערך עודף מכוח העבודה לצורך השקעתה בהפקה נוספת. 3 ייעוד זה חל ללא תלות במטרות המדיניות של המדינה (גם אם המדינה היא סוציאליסטית), דבר שהוביל להעלאת טיעונים לכך כי הרפובליקה העממית של סין המודרנית היא סוג של קפיטליזם ממלכתי, או לחלופין לטיעונים כי ברית המועצות נכשלה במטרה להקים סוציאליזם, אלא הקימה קפיטליזם ממלכתי.
4 מונח זה שימש לעיתים קרובות לתיאור הכלכלות הנשלטות של המעצמות הגדולות בזמן מלחמת העולם הראשונה. 5 גם הקפיטליזם המדיני מתייחס למערכת כלכלית שבה אמצעי הייצור נמצאים בבעלות פרטית, אך למדינה יש שליטה ניכרת על הקצאת האשראי וההשקעה, כמו במקרה של צרפת בתקופה של דיריגיזם לאחר מלחמת העולם השנייה. 6 ניתן להשתמש בקפיטליזם המדיני (לעיתים בחילופין עם הקפיטליזם המונופוליסטי של המדינה) כדי לתאר מערכת שבה המדינה מתערבת במשק כדי להגן על האינטרסים של עסקים בקנה מידה גדול ולקדם אותם; נועם חומסקי, סוציאליסט, מיישם את המונח ""קפיטליזם מדיני"" לכלכלות כמו זו של ארצות הברית, שבה ארגונים גדולים הנחשבים ""גדולים מכדי להיכשל"" מקבלים מימון ממשלתי שממומן על ידי הציבור, ומפחית את הנחת הסיכון של החברות ומערער חוקי השוק, ובמקומות בהם המדינה מממנת בעיקר את הייצור הפרטי על חשבון הציבור, אך הבעלים הפרטיים מקוצרים את הרווחים.
7 ישנן תאוריות וביקורות שונות על הקפיטליזם של המדינה, שחלקן היו קיימות לפני מהפכת אוקטובר 1917. 8 הנושאים המשותפים ביניהם מזהים כי העובדים אינם שולטים באופן משמעותי באמצעי הייצור ומגלים כי יחסי הסחורות וההפקה למטרות רווח עדיין מתרחשים בתוך הקפיטליזם של המדינה. 9 ולדימיר לנין תיאר את הכלכלה של האימפריה הרוסית כקפיטליזם של המדינה. 10 פרידריך אנגלס, בסוציאליזם: אוטופי ומדעי (1880), טען כי בעלות המדינה אינה מבטלת את הקפיטליזם כשלעצמה, אלא היא השלב הסופי של הקפיטליזם, המורכב מבעלות וניהול של ייצור ותקשורת בקנה מידה גדול בורגנית. 11 הוא טען כי הכלים להפסקת הקפיטליזם נמצאים בקפיטליזם של המדינה. 
12 == מקורות ושימושים מוקדמים של המונח == 
13 המונח שימש לראשונה על ידי וילהלם ליבקנכט ב-1896, שאמר: ""איש לא נלחם בסוציאליזם של המדינה יותר מכפי שאנחנו הסוציאליסטים הגרמניים, אף אחד לא גילה באופן מובהק יותר ממני, כי הסוציאליזם הממלכתי הוא באמת קפיטליזם ממלכתי!""
יש הטוענים כי מושג הקפיטליזם הממלכתי ניתן לייחס לביקורתו של מיכאיל באקונין במהלך האינטרנציונל הראשון של הפוטנציאל שאותה ביקר כניצול של המדינה תחת הסוציאליזם בהשראת המרקסיזם, או לטיעון של יאן ווקלב מאג'אסקי ב""אינטלקטואל וורקר"" ב-1905, כי הסוציאליזם הוא תנועה של האינטליגנציה כמעמד, וכתוצאה מכך סוג חדש של חברה הוא כינה קפיטליזם ממלכתי. 14 עבור האנרכיסטים, הסוציאליזם הממלכתי שווה לקפיטליזם של המדינה, ומכאן דיכוי ורק מעבר מקפיטליסטים פרטיים למדינה, המעסיק היחיד והקפיטליסטי. 
",1,מי טבע את המונח לראשונה?,,שליפה ממשפט 13.
wiki,"1 קפיטליזם מדיני הוא מערכת כלכלית שבה המדינה מתחייבת בפעילות כלכלית מסחרית (כלומר, למטרות רווחיות), כאשר אמצעי הייצור מאורגנים ומנוהלים כמפעלים עסקיים בבעלות המדינה (כולל תהליכי צבירת הון, עבודה בשכר ניהול ריכוזי), או כאשר קיימת דומיננטיות אחרת של רשויות ממשלתיות (סוכנויות המאורגנות על פי נוהלי ניהול עסקים) או של תאגידים הרשומים לציבור, בהם המדינה שולטת במניות.
2 הספרות המרקסיסטית מגדירה את הקפיטליזם של המדינה כמערכת חברתית המשלבת קפיטליזם - מערכת השכר של ייצור והפקעת ערך עודף - בעלות או בשליטה על ידי מדינה; לפי הגדרה זו, מדינה קפיטליסטית ממלכתית היא מדינה שבה השלטון שולט בכלכלה, ופועל למעשה כחברה ענקית אחת, תוך הפקת ערך עודף מכוח העבודה לצורך השקעתה בהפקה נוספת. 3 ייעוד זה חל ללא תלות במטרות המדיניות של המדינה (גם אם המדינה היא סוציאליסטית), דבר שהוביל להעלאת טיעונים לכך כי הרפובליקה העממית של סין המודרנית היא סוג של קפיטליזם ממלכתי, או לחלופין לטיעונים כי ברית המועצות נכשלה במטרה להקים סוציאליזם, אלא הקימה קפיטליזם ממלכתי.
4 מונח זה שימש לעיתים קרובות לתיאור הכלכלות הנשלטות של המעצמות הגדולות בזמן מלחמת העולם הראשונה. 5 גם הקפיטליזם המדיני מתייחס למערכת כלכלית שבה אמצעי הייצור נמצאים בבעלות פרטית, אך למדינה יש שליטה ניכרת על הקצאת האשראי וההשקעה, כמו במקרה של צרפת בתקופה של דיריגיזם לאחר מלחמת העולם השנייה. 6 ניתן להשתמש בקפיטליזם המדיני (לעיתים בחילופין עם הקפיטליזם המונופוליסטי של המדינה) כדי לתאר מערכת שבה המדינה מתערבת במשק כדי להגן על האינטרסים של עסקים בקנה מידה גדול ולקדם אותם; נועם חומסקי, סוציאליסט, מיישם את המונח ""קפיטליזם מדיני"" לכלכלות כמו זו של ארצות הברית, שבה ארגונים גדולים הנחשבים ""גדולים מכדי להיכשל"" מקבלים מימון ממשלתי שממומן על ידי הציבור, ומפחית את הנחת הסיכון של החברות ומערער חוקי השוק, ובמקומות בהם המדינה מממנת בעיקר את הייצור הפרטי על חשבון הציבור, אך הבעלים הפרטיים מקוצרים את הרווחים.
7 ישנן תאוריות וביקורות שונות על הקפיטליזם של המדינה, שחלקן היו קיימות לפני מהפכת אוקטובר 1917. 8 הנושאים המשותפים ביניהם מזהים כי העובדים אינם שולטים באופן משמעותי באמצעי הייצור ומגלים כי יחסי הסחורות וההפקה למטרות רווח עדיין מתרחשים בתוך הקפיטליזם של המדינה. 9 ולדימיר לנין תיאר את הכלכלה של האימפריה הרוסית כקפיטליזם של המדינה. 10 פרידריך אנגלס, בסוציאליזם: אוטופי ומדעי (1880), טען כי בעלות המדינה אינה מבטלת את הקפיטליזם כשלעצמה, אלא היא השלב הסופי של הקפיטליזם, המורכב מבעלות וניהול של ייצור ותקשורת בקנה מידה גדול בורגנית. 11 הוא טען כי הכלים להפסקת הקפיטליזם נמצאים בקפיטליזם של המדינה. 
12 == מקורות ושימושים מוקדמים של המונח == 
13 המונח שימש לראשונה על ידי וילהלם ליבקנכט ב-1896, שאמר: ""איש לא נלחם בסוציאליזם של המדינה יותר מכפי שאנחנו הסוציאליסטים הגרמניים, אף אחד לא גילה באופן מובהק יותר ממני, כי הסוציאליזם הממלכתי הוא באמת קפיטליזם ממלכתי!""
יש הטוענים כי מושג הקפיטליזם הממלכתי ניתן לייחס לביקורתו של מיכאיל באקונין במהלך האינטרנציונל הראשון של הפוטנציאל שאותה ביקר כניצול של המדינה תחת הסוציאליזם בהשראת המרקסיזם, או לטיעון של יאן ווקלב מאג'אסקי ב""אינטלקטואל וורקר"" ב-1905, כי הסוציאליזם הוא תנועה של האינטליגנציה כמעמד, וכתוצאה מכך סוג חדש של חברה הוא כינה קפיטליזם ממלכתי. 14 עבור האנרכיסטים, הסוציאליזם הממלכתי שווה לקפיטליזם של המדינה, ומכאן דיכוי ורק מעבר מקפיטליסטים פרטיים למדינה, המעסיק היחיד והקפיטליסטי. 
",2,האם הטיעונים להגדרתו של חומסקי את כלכלת ארה״ב כקפיטליזם מדיני מתאימים לתפיסה המרקסיסטית?,,השוואה של 2 ו-6. ישנו גם כולל פתיון ״טריקי״ שדורש להזהר ולהסתמך רק על הכתוב לגבי ספרות מרקסיסטית בפרט ולא להסתמך על ידע חיצוני לגבי מרקסיזם באופן כללי.
wiki,"1 קפיטליזם מדיני הוא מערכת כלכלית שבה המדינה מתחייבת בפעילות כלכלית מסחרית (כלומר, למטרות רווחיות), כאשר אמצעי הייצור מאורגנים ומנוהלים כמפעלים עסקיים בבעלות המדינה (כולל תהליכי צבירת הון, עבודה בשכר ניהול ריכוזי), או כאשר קיימת דומיננטיות אחרת של רשויות ממשלתיות (סוכנויות המאורגנות על פי נוהלי ניהול עסקים) או של תאגידים הרשומים לציבור, בהם המדינה שולטת במניות.
2 הספרות המרקסיסטית מגדירה את הקפיטליזם של המדינה כמערכת חברתית המשלבת קפיטליזם - מערכת השכר של ייצור והפקעת ערך עודף - בעלות או בשליטה על ידי מדינה; לפי הגדרה זו, מדינה קפיטליסטית ממלכתית היא מדינה שבה השלטון שולט בכלכלה, ופועל למעשה כחברה ענקית אחת, תוך הפקת ערך עודף מכוח העבודה לצורך השקעתה בהפקה נוספת. 3 ייעוד זה חל ללא תלות במטרות המדיניות של המדינה (גם אם המדינה היא סוציאליסטית), דבר שהוביל להעלאת טיעונים לכך כי הרפובליקה העממית של סין המודרנית היא סוג של קפיטליזם ממלכתי, או לחלופין לטיעונים כי ברית המועצות נכשלה במטרה להקים סוציאליזם, אלא הקימה קפיטליזם ממלכתי.
4 מונח זה שימש לעיתים קרובות לתיאור הכלכלות הנשלטות של המעצמות הגדולות בזמן מלחמת העולם הראשונה. 5 גם הקפיטליזם המדיני מתייחס למערכת כלכלית שבה אמצעי הייצור נמצאים בבעלות פרטית, אך למדינה יש שליטה ניכרת על הקצאת האשראי וההשקעה, כמו במקרה של צרפת בתקופה של דיריגיזם לאחר מלחמת העולם השנייה. 6 ניתן להשתמש בקפיטליזם המדיני (לעיתים בחילופין עם הקפיטליזם המונופוליסטי של המדינה) כדי לתאר מערכת שבה המדינה מתערבת במשק כדי להגן על האינטרסים של עסקים בקנה מידה גדול ולקדם אותם; נועם חומסקי, סוציאליסט, מיישם את המונח ""קפיטליזם מדיני"" לכלכלות כמו זו של ארצות הברית, שבה ארגונים גדולים הנחשבים ""גדולים מכדי להיכשל"" מקבלים מימון ממשלתי שממומן על ידי הציבור, ומפחית את הנחת הסיכון של החברות ומערער חוקי השוק, ובמקומות בהם המדינה מממנת בעיקר את הייצור הפרטי על חשבון הציבור, אך הבעלים הפרטיים מקוצרים את הרווחים.
7 ישנן תאוריות וביקורות שונות על הקפיטליזם של המדינה, שחלקן היו קיימות לפני מהפכת אוקטובר 1917. 8 הנושאים המשותפים ביניהם מזהים כי העובדים אינם שולטים באופן משמעותי באמצעי הייצור ומגלים כי יחסי הסחורות וההפקה למטרות רווח עדיין מתרחשים בתוך הקפיטליזם של המדינה. 9 ולדימיר לנין תיאר את הכלכלה של האימפריה הרוסית כקפיטליזם של המדינה. 10 פרידריך אנגלס, בסוציאליזם: אוטופי ומדעי (1880), טען כי בעלות המדינה אינה מבטלת את הקפיטליזם כשלעצמה, אלא היא השלב הסופי של הקפיטליזם, המורכב מבעלות וניהול של ייצור ותקשורת בקנה מידה גדול בורגנית. 11 הוא טען כי הכלים להפסקת הקפיטליזם נמצאים בקפיטליזם של המדינה. 
12 == מקורות ושימושים מוקדמים של המונח == 
13 המונח שימש לראשונה על ידי וילהלם ליבקנכט ב-1896, שאמר: ""איש לא נלחם בסוציאליזם של המדינה יותר מכפי שאנחנו הסוציאליסטים הגרמניים, אף אחד לא גילה באופן מובהק יותר ממני, כי הסוציאליזם הממלכתי הוא באמת קפיטליזם ממלכתי!""
יש הטוענים כי מושג הקפיטליזם הממלכתי ניתן לייחס לביקורתו של מיכאיל באקונין במהלך האינטרנציונל הראשון של הפוטנציאל שאותה ביקר כניצול של המדינה תחת הסוציאליזם בהשראת המרקסיזם, או לטיעון של יאן ווקלב מאג'אסקי ב""אינטלקטואל וורקר"" ב-1905, כי הסוציאליזם הוא תנועה של האינטליגנציה כמעמד, וכתוצאה מכך סוג חדש של חברה הוא כינה קפיטליזם ממלכתי. 14 עבור האנרכיסטים, הסוציאליזם הממלכתי שווה לקפיטליזם של המדינה, ומכאן דיכוי ורק מעבר מקפיטליסטים פרטיים למדינה, המעסיק היחיד והקפיטליסטי. 
",3,האם קפיטליזם מדיני שונה מקפיטליזם וסוציאליזם ״רגילים״?,,נדרש סינתוז של שלל טיעונים ברחבי המסמך ע״מ לגבש סוג של ״דיעה״.